Div,Date,Time,HomeTeam,AwayTeam,FTHG,FTAG,FTR,HTHG,HTAG,HTR,Referee,HS,AS,HST,AST,HF,AF,HC,AC,HY,AY,HR,AR,B365H,B365D,B365A,BWH,BWD,BWA,BFH,BFD,BFA,PSH,PSD,PSA,WHH,WHD,WHA,1XBH,1XBD,1XBA,MaxH,MaxD,MaxA,AvgH,AvgD,AvgA,BFEH,BFED,BFEA,B365>2.5,B365<2.5,P>2.5,P<2.5,Max>2.5,Max<2.5,Avg>2.5,Avg<2.5,BFE>2.5,BFE<2.5,AHh,B365AHH,B365AHA,PAHH,PAHA,MaxAHH,MaxAHA,AvgAHH,AvgAHA,BFEAHH,BFEAHA,B365CH,B365CD,B365CA,BWCH,BWCD,BWCA,BFCH,BFCD,BFCA,PSCH,PSCD,PSCA,WHCH,WHCD,WHCA,1XBCH,1XBCD,1XBCA,MaxCH,MaxCD,MaxCA,AvgCH,AvgCD,AvgCA,BFECH,BFECD,BFECA,B365C>2.5,B365C<2.5,PC>2.5,PC<2.5,MaxC>2.5,MaxC<2.5,AvgC>2.5,AvgC<2.5,BFEC>2.5,BFEC<2.5,AHCh,B365CAHH,B365CAHA,PCAHH,PCAHA,MaxCAHH,MaxCAHA,AvgCAHH,AvgCAHA,BFECAHH,BFECAHA
B1,09/05/2025,19:45,Charleroi,Westerlo,4,3,H,1,2,A,,17,13,8,6,7,15,4,7,2,6,0,1,1.62,4.33,4.5,,,,1.91,3.8,3.6,1.69,4.44,4.54,,,,1.68,4.42,4.47,1.91,4.6,4.7,1.68,4.26,4.33,1.93,4,3.75,1.44,2.7,1.47,2.78,1.53,2.78,1.44,2.69,1.58,2.48,-0.75,1.85,2,1.87,2.04,1.9,2.05,1.83,1.98,,,1.65,4.33,4.5,,,,1.55,4.4,5,1.69,4.39,4.57,,,,1.67,4.45,4.82,1.69,4.5,5,1.65,4.34,4.5,1.73,4.5,4.8,1.4,2.88,1.45,2.83,1.48,2.88,1.44,2.74,1.5,2.96,-0.75,1.83,2.03,1.87,2.04,1.87,2.13,1.81,2.03,1.9,2.08
B1,10/05/2025,15:00,Beerschot VA,Cercle Brugge,4,2,H,0,1,A,,13,24,7,7,6,12,5,9,3,2,0,0,5,4.5,1.57,,,,5.5,4,1.57,5.52,4.41,1.54,,,,5.39,4.43,1.57,5.52,4.5,1.58,5.23,4.34,1.56,1.47,1.35,1.64,1.62,2.25,1.65,2.28,1.65,2.32,1.62,2.24,,,1,1.9,1.95,1.93,1.94,1.93,2,1.88,1.93,,,5,4.75,1.55,,,,5.5,4.33,1.5,5.75,4.41,1.52,,,,5.12,4.86,1.59,5.75,4.86,1.59,5.24,4.47,1.54,6,4.7,1.61,1.53,2.4,1.55,2.48,1.61,2.48,1.54,2.41,1.62,2.54,1,1.93,1.93,1.96,1.89,1.96,1.99,1.93,1.91,1.97,1.98
B1,10/05/2025,15:00,Kortrijk,St Truiden,2,2,D,2,2,D,,18,16,6,7,5,8,3,7,0,1,0,0,3.1,3.6,2.2,,,,3,3.5,2.2,3.17,3.53,2.22,,,,3.17,3.57,2.22,3.17,3.65,2.22,3.07,3.52,2.19,1.04,1.01,1.04,1.73,2.08,1.78,2.09,1.78,2.09,1.74,2.05,,,0.25,1.93,1.93,1.93,1.93,1.93,1.96,1.89,1.9,,,3.25,3.8,2.05,,,,3.25,3.6,2,3.43,3.62,2.07,,,,3.28,3.84,2.15,3.43,3.84,2.15,3.24,3.65,2.08,3.45,3.95,2.16,1.57,2.35,1.63,2.29,1.71,2.48,1.62,2.27,1.64,2.5,0.25,2.03,1.78,2.06,1.81,2.09,1.85,2.02,1.82,2.11,1.88
B1,10/05/2025,17:15,Mechelen,Standard,0,0,D,0,0,D,,20,5,2,2,6,12,13,1,2,3,0,1,1.73,3.9,4.33,,,,1.8,3.7,4.1,1.73,3.92,4.53,,,,1.75,3.97,4.44,1.8,3.97,4.53,1.73,3.86,4.32,1.04,2.02,2.02,1.73,2.08,1.74,2.12,1.81,2.12,1.73,2.07,,,-0.75,1.98,1.88,1.96,1.91,2.07,1.91,1.94,1.86,,,1.53,4.5,5.25,,,,1.44,4.2,5.5,1.53,4.56,5.99,,,,1.58,4.65,5.42,1.58,4.65,5.99,1.52,4.43,5.55,1.54,4.8,6.6,1.6,2.3,1.62,2.39,1.68,2.4,1.61,2.29,1.64,2.48,-1,1.85,2,1.89,2.01,1.91,2.03,1.85,1.98,1.86,2.08
B1,10/05/2025,19:45,Anderlecht,St. Gilloise,0,1,A,0,1,A,,6,7,2,3,11,12,2,4,2,4,0,0,3.4,3.3,2.15,,,,3.1,3.3,2.2,3.6,3.17,2.19,,,,3.53,3.24,2.2,3.6,3.45,2.21,3.39,3.23,2.17,1.04,1.01,1.04,2.05,1.8,2.08,1.76,2.08,1.85,2.01,1.78,,,0.25,1.98,1.88,2,1.88,2,1.91,1.95,1.86,,,3.5,3.3,2.15,,,,3.5,3.1,2,3.75,3.28,2.16,,,,3.84,3.38,2.1,3.9,3.38,2.16,3.63,3.25,2.1,3.85,3.4,2.2,2.05,1.75,2.1,1.79,2.24,1.79,2.07,1.75,2.2,1.81,0.25,2.03,1.83,2.06,1.85,2.1,1.85,2.04,1.81,2.11,1.88
B1,11/05/2025,12:30,Gent,Antwerp,0,3,A,0,2,A,,16,7,6,3,11,11,4,5,2,2,1,0,2.6,3.4,2.6,,,,2.45,3.4,2.63,2.62,3.53,2.6,,,,2.62,3.61,2.58,2.62,3.8,2.63,2.56,3.52,2.56,1.04,1.01,1.04,1.67,2.15,1.66,2.25,1.67,2.25,1.65,2.19,,,0,1.9,1.9,1.93,1.92,1.93,1.95,1.91,1.91,,,2.7,3.6,2.38,,,,2.6,3.5,2.3,2.79,3.78,2.44,,,,2.69,3.73,2.55,2.79,3.78,2.55,2.69,3.64,2.41,2.84,3.85,2.54,1.5,2.5,1.51,2.63,1.56,2.63,1.52,2.48,1.59,2.64,0,2.03,1.78,2.1,1.83,2.1,1.86,2.04,1.82,2.1,1.89
B1,11/05/2025,17:30,Genk,Club Brugge,0,2,A,0,1,A,,10,13,3,3,8,13,5,3,2,3,1,0,3.4,3.7,2,,,,3.1,3.5,2.1,3.51,3.74,2,,,,3.51,3.73,2.03,3.7,3.78,2.1,3.4,3.66,2.01,1.08,1.57,1.42,1.62,2.25,1.65,2.27,1.66,2.27,1.63,2.22,,,0.5,1.83,2.03,1.85,2.01,1.85,2.08,1.82,2.01,,,3.6,3.8,1.9,,,,3.5,3.75,1.95,3.78,3.96,1.93,,,,3.88,3.93,1.93,3.88,3.96,2,3.6,3.83,1.93,3.75,4,2.04,1.53,2.4,1.57,2.51,1.63,2.51,1.56,2.4,1.6,2.6,0.5,1.95,1.9,1.96,1.94,2.01,1.98,1.9,1.94,1.94,2.04
B1,11/05/2025,18:15,Dender,Oud-Heverlee Leuven,5,0,H,4,0,H,,16,14,7,2,10,18,3,5,0,2,0,0,2.38,3.4,2.8,,,,2.4,3.3,2.8,2.44,3.45,2.85,,,,2.41,3.63,2.8,2.44,3.63,2.85,2.39,3.44,2.79,1.07,1.14,1.07,1.73,2.08,1.74,2.12,1.77,2.12,1.73,2.07,,,0,1.73,2.08,1.78,2.09,1.8,2.09,1.77,2.06,,,2.4,3.5,2.7,,,,2.25,3.3,2.75,2.51,3.57,2.82,,,,2.5,3.64,2.81,2.51,3.64,2.86,2.4,3.51,2.76,2.48,3.6,3,1.6,2.3,1.65,2.32,1.7,2.35,1.63,2.25,1.69,2.4,0,1.83,2.03,1.84,2.08,1.84,2.11,1.81,2.06,1.8,2.21
D1,09/05/2025,19:30,Wolfsburg,Hoffenheim,2,2,D,1,1,D,,14,17,5,7,11,10,5,6,0,2,0,0,2.2,3.6,2.9,,,,2.2,3.6,3.1,2.3,3.77,2.99,,,,2.37,3.83,3.02,2.39,3.83,3.1,2.29,3.7,2.94,2.34,3.8,3.2,1.5,2.63,1.52,2.6,1.52,2.63,1.5,2.57,1.62,2.56,-0.25,2.03,1.87,2.02,1.89,2.06,1.89,1.99,1.84,2.03,1.95,2.8,3.6,2.3,,,,2.63,3.5,2.5,2.98,3.62,2.4,,,,2.79,3.73,2.47,2.98,3.73,2.54,2.77,3.61,2.46,2.86,3.75,2.58,1.5,2.63,1.53,2.62,1.53,2.7,1.49,2.61,1.55,2.78,0.25,1.85,2.05,1.85,2.09,1.85,2.23,1.77,2.07,1.8,2.23
D1,10/05/2025,14:30,Bochum,Mainz,1,4,A,0,1,A,,11,22,6,8,9,6,6,6,3,0,0,0,2.9,3.6,2.3,,,,3,3.6,2.3,3,3.73,2.31,,,,3.06,3.89,2.32,3.06,3.89,2.32,2.95,3.68,2.27,3.05,3.75,2.4,1.67,2.2,1.66,2.31,1.7,2.33,1.64,2.26,1.62,2.18,0.25,1.88,2.02,1.88,2.03,1.88,2.03,1.85,1.94,1.89,2.08,3,3.8,2.15,,,,2.88,3.6,2.1,3.16,3.9,2.2,,,,3.22,3.91,2.15,3.22,4,2.25,3.07,3.83,2.16,3.15,4,2.26,1.57,2.38,1.58,2.5,1.61,2.51,1.56,2.44,1.59,2.66,0.25,1.95,1.95,1.99,1.93,1.99,1.95,1.95,1.87,1.99,1.98
D1,10/05/2025,14:30,Holstein Kiel,Freiburg,1,2,A,1,1,D,,15,9,3,4,9,13,2,5,1,0,0,0,3.1,3.75,2.15,,,,3.4,3.8,2.05,3.29,3.88,2.12,,,,3.31,3.95,2.17,3.4,3.95,2.17,3.21,3.8,2.09,3.45,3.9,2.12,1.53,2.5,1.55,2.57,1.55,2.57,1.52,2.48,1.52,2.36,0.25,2.03,1.87,2.05,1.86,2.05,1.9,2,1.8,2.14,1.85,3.4,3.7,2,,,,3.3,3.5,2,3.59,3.85,2.04,,,,3.51,3.82,2.06,3.59,3.85,2.1,3.43,3.73,2.04,3.65,3.85,2.12,1.57,2.38,1.62,2.4,1.65,2.45,1.58,2.37,1.66,2.48,0.5,1.86,2.04,1.88,2.05,1.88,2.1,1.82,2.05,1.87,2.12
D1,10/05/2025,14:30,Union Berlin,Heidenheim,0,3,A,0,1,A,,10,8,1,4,14,7,1,2,2,0,0,0,2.25,3.3,3.3,,,,2.2,3.4,3.4,2.21,3.55,3.33,,,,2.24,3.61,3.44,2.25,3.61,3.44,2.19,3.47,3.28,2.28,3.55,3.5,1.95,1.95,1.93,1.95,1.96,1.98,1.91,1.9,1.86,1.85,-0.25,1.93,1.97,1.92,1.98,1.95,1.98,1.88,1.94,1.96,2.01,2.05,3.6,3.5,,,,1.95,3.4,3.5,2.11,3.57,3.64,,,,2.05,3.69,3.69,2.11,3.69,3.81,2.02,3.56,3.64,2.08,3.7,3.95,1.73,2.1,1.81,2.09,1.84,2.14,1.79,2.05,1.82,2.16,-0.5,2.07,1.83,2.1,1.81,2.1,1.85,2.03,1.83,2.08,1.9
D1,10/05/2025,14:30,Werder Bremen,RB Leipzig,0,0,D,0,0,D,,21,16,6,4,6,13,11,4,1,3,0,0,2.35,3.7,2.8,,,,2.3,3.75,2.8,2.38,3.7,2.92,,,,2.45,3.75,2.95,2.45,3.75,2.95,2.36,3.68,2.82,2.44,3.8,2.96,1.53,2.5,1.56,2.52,1.56,2.55,1.52,2.48,1.5,2.42,-0.25,2.05,1.8,2.08,1.84,2.08,1.84,2.02,1.79,2.12,1.87,1.9,4,3.5,,,,1.95,3.75,3.1,1.95,4.18,3.59,,,,2,4.12,3.47,2.08,4.2,3.59,1.97,4.06,3.39,2.02,4.2,3.6,1.36,3.2,1.39,3.14,1.41,3.2,1.38,3.02,1.43,3.25,-0.5,1.93,1.93,1.96,1.96,2.01,1.96,1.96,1.89,2.03,1.95
D1,10/05/2025,17:30,Bayern Munich,M'gladbach,2,0,H,1,0,H,,24,16,9,6,3,8,4,9,1,1,0,0,1.17,9.5,11,,,,1.17,10.5,13,1.16,10.06,12.25,,,,1.2,10.5,11.2,1.2,10.5,15,1.16,9.49,12.4,1.16,11.5,16,1.17,5,0,0,1.18,5.25,1.16,4.8,1.05,1.16,-2.25,1.87,2.03,1.85,2.05,1.87,2.05,1.81,1.99,1.43,1.24,1.13,10,13,,,,1.15,9.5,14,1.14,9.5,16.5,,,,1.14,11.7,14.3,1.18,11.7,19,1.14,9.73,15.06,1.17,10.5,19.5,1.14,5.5,0,0,1.16,6.5,1.14,5.51,1.16,6.8,-2.5,1.8,2,1.82,2.04,1.88,2.08,1.82,2.01,1.88,2.1
D1,11/05/2025,14:30,Leverkusen,Dortmund,2,4,A,1,2,A,,19,9,10,5,7,8,12,0,0,2,0,0,2.7,3.9,2.35,,,,2.5,4,2.5,2.66,4.08,2.43,,,,2.74,4.07,2.47,2.74,4.08,2.5,2.65,3.94,2.39,2.64,4.2,2.54,1.5,2.63,1.49,2.72,1.5,2.72,1.47,2.64,1.46,2.56,0,2.06,1.84,2.05,1.87,2.07,1.88,2.03,1.83,2.02,1.96,2.5,3.8,2.55,,,,2.45,3.6,2.4,2.59,3.89,2.6,,,,2.72,3.89,2.46,2.72,3.9,2.66,2.54,3.8,2.55,2.66,3.95,2.68,1.44,2.75,1.48,2.74,1.49,2.75,1.47,2.69,1.52,2.9,0,1.95,1.95,1.95,1.97,2.02,1.97,1.96,1.92,1.98,2.01
D1,11/05/2025,16:30,Ein Frankfurt,St Pauli,2,2,D,1,2,A,,13,5,5,2,11,12,3,1,2,2,0,0,1.53,4.33,5.75,,,,1.55,4.4,6,1.52,4.61,6.18,,,,1.56,4.69,6.28,1.56,4.75,6.28,1.52,4.49,5.96,1.54,4.6,6.6,1.73,2.1,1.73,2.19,1.78,2.21,1.7,2.14,1.67,2.08,-1,1.88,2.02,1.87,2.04,1.88,2.04,1.84,1.99,1.81,1.98,1.55,4.33,5.5,,,,1.53,4,5,1.57,4.34,6.03,,,,1.59,4.45,5.64,1.59,4.45,6.03,1.56,4.29,5.66,1.6,4.4,6.4,1.67,2.2,1.7,2.24,1.7,2.35,1.65,2.24,1.7,2.4,-1,1.92,1.98,1.95,1.97,1.99,1.98,1.93,1.92,1.98,2
D1,11/05/2025,18:30,Stuttgart,Augsburg,4,0,H,1,0,H,,29,7,11,0,9,7,11,2,1,1,0,1,1.55,4.33,5.75,,,,1.57,4.4,5.5,1.56,4.54,5.67,,,,1.58,4.78,5.71,1.58,4.78,5.75,1.55,4.46,5.47,1.63,4.5,5.6,1.53,2.5,1.54,2.57,1.55,2.57,1.52,2.47,1.53,2.34,-1,1.92,1.98,1.91,2,1.92,2,1.87,1.95,1.9,1.89,1.5,4.75,5.5,,,,1.47,4.5,5,1.53,4.78,5.84,,,,1.57,4.61,5.64,1.62,4.78,5.84,1.53,4.61,5.52,1.58,4.8,6,1.4,3,1.43,2.96,1.53,3,1.43,2.81,1.48,3,-1,1.84,2.06,1.82,2.08,1.91,2.11,1.84,2.02,1.88,2.11
D2,09/05/2025,17:30,Nurnberg,FC Koln,1,2,A,0,0,D,,5,23,1,4,11,7,0,8,4,1,0,0,5.25,4.33,1.54,,,,4.5,4,1.67,5.55,4.45,1.58,,,,5.3,4.35,1.58,5.55,4.5,1.67,5.17,4.33,1.57,4.7,4.3,1.73,1.5,2.5,1.53,2.61,1.53,2.61,1.49,2.51,1.56,2.56,1,1.87,1.87,1.94,1.94,1.96,1.96,1.88,1.91,,,6.5,4.75,1.42,,,,6,4.6,1.4,7.35,5,1.43,,,,6.07,4.8,1.47,7.35,5,1.53,6.35,4.77,1.44,7,5.3,1.48,1.5,2.5,1.52,2.63,1.52,2.8,1.48,2.6,1.56,2.74,1.25,1.98,1.88,2.01,1.88,2.01,1.98,1.9,1.91,1.95,2.01
D2,09/05/2025,17:30,Preußen Münster,Hertha,2,0,H,1,0,H,,12,8,3,1,16,13,2,7,4,1,0,1,2.35,4,2.6,,,,2.15,3.9,2.88,2.43,3.92,2.73,,,,2.42,3.78,2.65,2.43,4,2.88,2.36,3.82,2.67,2.26,4.1,3.05,1.57,2.35,1.61,2.41,1.61,2.45,1.55,2.37,1.58,2.52,0,1.74,1.94,1.83,2.07,1.83,2.09,1.79,2,,,2.7,3.9,2.3,,,,2.63,3.5,2.4,2.74,3.88,2.43,,,,2.61,3.81,2.46,2.75,3.9,2.6,2.62,3.73,2.44,2.84,3.85,2.56,1.5,2.5,1.56,2.57,1.62,2.57,1.56,2.39,1.6,2.6,0,2.05,1.75,2.07,1.83,2.08,1.89,1.99,1.83,2.07,1.9
D2,10/05/2025,12:00,Elversberg,Braunschweig,3,0,H,3,0,H,,20,7,8,0,6,12,8,1,0,2,0,0,1.5,4.75,5.25,,,,1.5,4.4,5.5,1.52,4.47,5.89,,,,1.53,4.6,5.51,1.53,4.75,5.89,1.51,4.47,5.52,1.55,4.5,5.5,1.53,2.4,1.56,2.48,1.56,2.55,1.53,2.41,1.56,2.54,-1,1.83,2.03,1.85,2.03,1.85,2.05,1.83,1.97,,,1.48,4.75,5.5,,,,1.44,4.2,6,1.51,4.59,6.51,,,,1.52,4.82,5.36,1.52,4.82,6.52,1.49,4.58,5.87,1.53,4.8,7,1.53,2.4,1.56,2.52,1.56,2.52,1.53,2.44,1.58,2.66,-1.25,2.03,1.83,2.06,1.85,2.08,1.87,2.03,1.79,2.08,1.89
D2,10/05/2025,12:00,Fortuna Dusseldorf,Schalke 04,2,0,H,0,0,D,,12,8,8,2,6,14,5,4,2,1,0,0,1.8,4.33,3.6,,,,1.85,4,3.6,1.83,4.32,3.69,,,,1.85,4.25,3.62,1.85,4.33,3.69,1.82,4.18,3.61,1.92,4.3,3.75,1.44,2.7,1.44,2.81,1.46,2.81,1.43,2.69,1.5,2.76,-0.75,2.03,1.83,2.05,1.8,2.05,1.85,2.01,1.77,,,1.8,4.2,3.6,,,,1.73,3.9,3.6,1.85,4.24,3.9,,,,1.83,4.27,3.66,1.85,4.27,3.91,1.82,4.14,3.67,1.88,4.4,4.1,1.44,2.7,1.45,2.85,1.49,2.88,1.43,2.74,1.47,3.05,-0.5,1.83,2.03,1.85,2.06,1.86,2.08,1.82,1.99,1.87,2.12
D2,10/05/2025,12:00,Paderborn,Magdeburg,2,1,H,1,1,D,,21,9,4,3,9,6,6,6,0,2,0,0,2.05,3.8,3.2,,,,2,3.8,3.2,2.06,3.92,3.24,,,,2.09,3.8,3.22,2.11,3.92,3.24,2.05,3.8,3.19,2.14,4.1,3.25,1.48,2.6,1.5,2.61,1.5,2.63,1.48,2.52,1.49,2.78,-0.25,1.83,2.03,1.83,2.05,1.83,2.08,1.79,1.99,,,1.8,4.1,3.75,,,,1.7,4,3.8,1.83,4.14,4.03,,,,1.83,4.15,3.8,1.84,4.15,4.04,1.79,4.08,3.87,1.88,4.4,4.1,1.4,2.88,1.42,2.96,1.45,2.96,1.41,2.82,1.46,3.05,-0.75,2.03,1.78,2.06,1.85,2.09,1.87,2,1.81,2.09,1.89
D2,10/05/2025,19:30,Hamburg,Ulm,6,1,H,3,1,H,,15,17,10,4,10,5,3,6,3,1,0,0,1.4,5,6.5,,,,1.33,5,7,1.39,5.14,7.28,,,,1.39,5.15,7.2,1.4,5.15,7.5,1.38,4.99,6.84,1.39,3.25,3.25,1.48,2.6,1.52,2.6,1.52,2.6,1.48,2.52,,,-1.25,1.85,2,1.86,2.01,1.86,2.03,1.83,1.95,,,1.36,5.75,6.5,,,,1.33,5,7,1.37,5.68,7.71,,,,1.37,5.79,6.82,1.38,5.79,7.75,1.35,5.52,7.07,1.4,5.8,8.4,1.33,3.4,1.33,3.48,1.33,3.48,1.32,3.32,1.37,3.55,-1.5,1.95,1.9,1.96,1.93,1.98,1.97,1.91,1.91,1.99,1.99
D2,11/05/2025,12:30,Hannover,Greuther Furth,1,1,D,0,1,A,,17,14,7,3,15,11,5,4,5,1,0,0,2,4,3.2,,,,2,3.8,3.25,2.03,3.89,3.33,,,,2.07,3.75,3.32,2.07,4,3.33,2.04,3.81,3.2,1.6,1.03,1.04,1.65,2.2,1.69,2.2,1.69,2.28,1.64,2.21,,,-0.5,2.03,1.83,2.04,1.83,2.07,1.83,2.03,1.78,,,2.15,3.9,2.9,,,,2,3.5,3.1,2.2,3.77,3.18,,,,2.12,3.95,3.06,2.2,3.95,3.21,2.13,3.72,3.09,2.24,3.8,3.35,1.6,2.3,1.62,2.38,1.65,2.38,1.62,2.27,1.69,2.4,-0.25,1.93,1.93,1.93,1.96,1.93,2,1.87,1.94,1.95,2.03
D2,11/05/2025,12:30,Kaiserslautern,Darmstadt,2,1,H,2,1,H,,17,14,6,4,8,15,3,11,2,3,0,0,1.95,3.8,3.4,,,,1.85,3.9,3.7,2.02,3.83,3.41,,,,2.02,3.85,3.37,2.04,4.1,3.7,1.97,3.84,3.36,1.33,1.49,3.8,1.53,2.4,1.54,2.53,1.54,2.6,1.5,2.48,,,-0.5,2.03,1.83,2.03,1.83,2.04,1.93,1.96,1.83,,,1.95,4,3.3,,,,1.9,3.9,3.2,2,4.16,3.42,,,,1.93,4.05,3.48,2,4.17,3.48,1.96,4,3.31,2.04,4.3,3.5,1.4,2.88,1.42,2.95,1.45,2.95,1.4,2.86,1.45,3.15,-0.5,1.98,1.88,2.01,1.89,2.01,1.94,1.96,1.84,2.04,1.93
D2,11/05/2025,12:30,Regensburg,Karlsruhe,2,2,D,1,2,A,,20,19,3,6,13,10,5,3,0,3,0,0,3.1,3.9,2.05,,,,3.25,3.8,2,3.26,3.91,2.05,,,,3.28,3.78,2.07,3.3,3.95,2.07,3.22,3.82,2.03,1.28,1.02,1.28,1.62,2.25,1.65,2.27,1.65,2.33,1.61,2.26,,,0.5,1.78,2.03,1.8,2.05,1.82,2.06,1.78,2.01,,,3.5,3.8,1.95,,,,3.5,3.6,1.85,3.76,3.76,1.95,,,,3.53,3.83,1.97,3.76,3.83,1.99,3.53,3.73,1.95,3.9,3.85,2.02,1.83,2.03,1.81,2.02,1.95,2.14,1.78,2.02,1.87,2.1,0.5,1.88,1.98,1.91,1.96,1.93,1.99,1.85,1.95,1.96,2.02
E0,10/05/2025,15:00,Fulham,Everton,1,3,A,1,1,D,M Salisbury,18,11,6,7,15,9,5,5,1,0,0,0,1.82,3.4,4.5,,,,1.8,3.5,4.5,1.88,3.57,4.45,,,,1.9,3.71,4.38,1.92,3.71,4.5,1.87,3.55,4.32,1.9,3.65,4.9,2,1.8,2.1,1.8,2.12,1.83,2.04,1.79,1.95,1.76,-0.5,1.89,2.01,1.89,2.01,1.92,2.01,1.86,1.97,1.9,2.09,1.75,3.6,5,,,,1.73,3.6,4.75,1.77,3.75,4.94,,,,1.78,3.66,5.09,1.79,3.8,5.09,1.76,3.68,4.89,1.8,3.85,5.3,2,1.9,2.04,1.88,2.1,1.91,1.99,1.85,2.06,1.93,-0.75,1.99,1.91,2.01,1.92,2.03,1.92,1.98,1.88,2.05,1.94
E0,10/05/2025,15:00,Ipswich,Brentford,0,1,A,0,1,A,S Barrott,11,15,4,5,6,12,5,6,2,4,0,0,5,4,1.65,,,,5,4,1.62,5.1,4.21,1.66,,,,4.94,4.53,1.66,5.1,4.53,1.68,4.94,4.2,1.65,5.6,4.4,1.68,1.53,2.5,1.55,2.54,1.55,2.65,1.51,2.52,1.55,2.72,1,1.78,2.03,1.81,2.08,1.83,2.08,1.79,2.05,1.84,1.99,5.75,4.5,1.5,,,,5.5,4.5,1.5,5.83,4.84,1.52,,,,5.64,4.61,1.57,6,4.85,1.57,5.66,4.68,1.53,6.4,4.9,1.55,1.44,2.75,1.44,2.87,1.48,2.89,1.44,2.81,1.49,3,1.25,1.83,2.07,1.84,2.1,1.84,2.14,1.8,2.08,1.85,2.15
E0,10/05/2025,15:00,Southampton,Man City,0,0,D,0,0,D,T Robinson,2,26,0,5,9,8,1,15,2,0,0,0,11,7.5,1.2,,,,13,8,1.17,14.01,7.65,1.19,,,,15,7.95,1.2,15,8,1.2,13.37,7.58,1.19,15,8.6,1.22,1.36,3.2,1.35,3.24,1.36,3.45,1.33,3.22,1.33,3,2,1.98,1.92,1.97,1.92,2,1.92,1.95,1.88,1.83,1.81,13,7,1.2,,,,14,7.5,1.15,15,8,1.19,,,,14.1,7.28,1.22,15,8.1,1.22,13.84,7.49,1.19,17,8.4,1.21,1.4,3,1.41,2.93,1.45,3.2,1.4,2.98,1.45,3.2,2,1.86,2.04,1.88,2.03,1.99,2.04,1.89,1.96,1.94,2.02
E0,10/05/2025,15:00,Wolves,Brighton,0,2,A,0,1,A,M Oliver,10,7,3,2,8,12,7,4,1,1,0,0,2.7,3.5,2.5,,,,2.8,3.4,2.4,2.76,3.47,2.61,,,,2.78,3.53,2.61,2.8,3.53,2.61,2.73,3.47,2.54,2.96,3.6,2.56,1.73,2.1,1.75,2.16,1.77,2.18,1.73,2.12,1.71,2.24,0,1.98,1.88,2.01,1.89,2.01,1.9,1.99,1.87,2.14,1.85,2.9,3.4,2.35,,,,3,3.25,2.4,3.08,3.39,2.45,,,,2.97,3.48,2.46,3.08,3.48,2.56,2.98,3.34,2.45,3.1,3.4,2.56,2,1.9,1.98,1.92,2.05,1.98,1.97,1.87,2.06,1.92,0.25,1.8,2.05,1.83,2.11,1.83,2.16,1.79,2.04,1.82,2.18
E0,10/05/2025,17:30,Bournemouth,Aston Villa,0,1,A,0,1,A,S Attwell,10,6,4,3,19,12,10,0,4,3,0,1,2.4,3.6,2.75,,,,2.45,3.6,2.63,2.46,3.75,2.78,,,,2.52,3.75,2.76,2.52,3.8,2.78,2.45,3.68,2.71,2.58,3.8,2.8,1.62,2.3,1.63,2.38,1.65,2.4,1.61,2.33,1.59,2.3,0,1.83,2.07,1.83,2.08,1.87,2.09,1.83,2.04,1.9,2.08,2.55,3.5,2.63,,,,2.55,3.5,2.7,2.62,3.58,2.73,,,,2.75,3.59,2.57,2.75,3.6,2.75,2.58,3.53,2.68,2.68,3.65,2.82,1.67,2.2,1.7,2.27,1.72,2.35,1.68,2.22,1.72,2.36,0,1.91,1.99,1.93,2,1.95,2.02,1.9,1.98,1.94,2.04
E0,11/05/2025,12:00,Newcastle,Chelsea,2,0,H,1,0,H,J Brooks,15,10,6,3,9,13,2,8,4,2,0,1,2.1,3.75,3.1,,,,2.15,3.6,3.1,2.15,3.78,3.28,,,,2.14,4,3.24,2.16,4,3.28,2.13,3.76,3.18,2.28,3.85,3.3,1.57,2.38,1.59,2.45,1.59,2.55,1.55,2.43,1.53,2.44,-0.25,1.89,2.01,1.88,2.02,1.89,2.02,1.85,1.98,1.98,2.01,2.2,3.75,3,,,,2.2,3.6,3,2.29,3.73,3.1,,,,2.25,3.84,3.07,2.29,3.85,3.1,2.24,3.75,3.03,2.34,3.85,3.15,1.53,2.5,1.56,2.51,1.61,2.51,1.56,2.46,1.62,2.6,-0.25,1.99,1.91,2,1.93,2,1.95,1.96,1.9,2.03,1.95
E0,11/05/2025,14:15,Man United,West Ham,0,2,A,0,1,A,J Gillett,20,9,5,4,3,13,8,5,0,1,0,0,1.9,3.6,4,,,,2,3.5,3.6,1.93,3.78,3.95,,,,1.93,3.92,3.98,2,3.92,4,1.92,3.72,3.83,2.04,3.8,3.85,1.73,2.1,1.78,2.1,1.81,2.12,1.76,2.07,1.73,2.1,-0.5,1.93,1.97,1.94,1.96,1.94,1.97,1.92,1.91,2.04,1.92,2,3.7,3.5,,,,1.91,3.6,3.75,2.02,3.68,3.74,,,,1.98,3.76,3.85,2.05,3.77,3.85,2.01,3.67,3.66,2.08,3.8,3.85,1.73,2.1,1.79,2.11,1.82,2.2,1.75,2.12,1.81,2.2,-0.5,2.05,1.85,2.03,1.9,2.05,1.9,2.01,1.84,2.08,1.91
E0,11/05/2025,14:15,Nott'm Forest,Leicester,2,2,D,1,1,D,T Harrington,15,10,4,6,11,11,4,4,3,3,0,0,1.33,5.25,8,,,,1.3,5,8.5,1.34,5.56,8.99,,,,1.36,5.45,9.55,1.36,5.7,9.8,1.33,5.34,8.83,1.38,5.6,10,1.67,2.2,1.69,2.23,1.72,2.28,1.66,2.22,1.63,2.16,-1.5,2.04,1.86,2.03,1.88,2.04,1.88,1.99,1.85,2.06,1.77,1.4,5,7,,,,1.36,4.75,8,1.39,5.19,7.91,,,,1.41,5.13,8.1,1.42,5.3,8.4,1.39,5.03,7.8,1.41,5.3,9,1.62,2.3,1.67,2.3,1.67,2.38,1.64,2.29,1.7,2.4,-1.25,1.88,2.02,1.88,2.05,1.9,2.08,1.86,2.01,1.89,2.09
E0,11/05/2025,14:15,Tottenham,Crystal Palace,0,2,A,0,1,A,C Kavanagh,8,23,1,10,12,10,4,8,1,1,0,0,2.63,3.6,2.5,,,,2.63,3.5,2.55,2.69,3.74,2.54,,,,2.71,3.77,2.56,2.71,3.77,2.56,2.65,3.68,2.5,2.82,3.7,2.58,1.53,2.5,1.55,2.53,1.57,2.53,1.53,2.46,1.61,2.52,0,2.01,1.89,2.01,1.89,2.01,1.9,1.99,1.87,2.05,1.91,3.1,3.6,2.2,,,,3,3.6,2.2,3.13,3.74,2.26,,,,3.02,3.68,2.34,3.15,3.75,2.34,3.05,3.64,2.27,3.15,3.8,2.34,1.67,2.2,1.69,2.26,1.7,2.33,1.67,2.23,1.73,2.36,0.25,1.95,1.95,1.95,1.97,1.95,2,1.9,1.92,1.94,2.04
E0,11/05/2025,16:30,Liverpool,Arsenal,2,2,D,2,0,H,A Taylor,14,15,5,7,13,10,3,1,1,1,0,1,2,3.6,3.6,,,,2.1,3.4,3.3,2.08,3.54,3.71,,,,2.09,3.63,3.69,2.1,3.65,3.71,2.06,3.54,3.57,2.24,3.6,3.5,1.73,2.1,1.73,2.18,1.76,2.2,1.71,2.14,1.83,2.06,-0.5,2.07,1.83,2.08,1.83,2.08,1.83,2.04,1.8,2.24,1.78,2.2,3.6,3.1,,,,2.2,3.4,3.1,2.24,3.68,3.22,,,,2.17,3.57,3.44,2.31,3.68,3.44,2.24,3.56,3.16,2.32,3.65,3.3,1.62,2.3,1.66,2.32,1.7,2.32,1.66,2.25,1.74,2.34,-0.25,1.95,1.95,1.96,1.96,1.98,1.98,1.94,1.93,2,1.99
F1,10/05/2025,20:00,Angers,Strasbourg,2,1,H,1,1,D,,5,15,2,3,6,10,2,6,2,2,0,0,4.2,3.75,1.8,,,,4.6,3.6,1.8,4.22,3.71,1.83,,,,4.43,3.91,1.87,4.6,3.91,1.87,4.21,3.73,1.82,4.4,3.65,1.87,1.8,2,1.84,2.02,1.86,2.1,1.8,2.01,1.05,1.15,0.75,1.78,2.03,1.78,2.1,1.81,2.13,1.78,2.04,1.53,1.87,4.33,3.75,1.8,,,,4.33,3.6,1.8,4.54,3.83,1.83,,,,4.43,3.83,1.84,4.54,3.83,1.85,4.31,3.74,1.82,4.7,3.9,1.87,1.87,2.03,1.88,2.03,1.9,2.06,1.83,2,1.91,2.06,0.5,2.07,1.83,2.09,1.81,2.09,1.87,2.03,1.82,2.13,1.87
F1,10/05/2025,20:00,Auxerre,Nantes,1,1,D,1,0,H,,9,7,3,2,15,16,7,3,3,1,0,0,2.8,3.4,2.45,,,,3,3.4,2.4,2.83,3.57,2.4,,,,2.96,3.59,2.51,3,3.59,2.51,2.84,3.47,2.41,3,3.55,2.48,1.92,1.98,1.9,1.95,1.95,1.99,1.88,1.93,1.06,1.15,0,2.08,1.82,2.09,1.77,2.14,1.83,2.08,1.78,2.2,1.78,2.75,3.25,2.6,,,,2.75,3.2,2.6,2.87,3.29,2.66,,,,2.83,3.39,2.62,2.87,3.39,2.66,2.79,3.29,2.58,2.9,3.4,2.74,2,1.8,2.08,1.81,2.13,1.88,2.02,1.8,2.12,1.87,0,2.01,1.89,2.04,1.88,2.05,1.89,2.01,1.86,2.06,1.93
F1,10/05/2025,20:00,Brest,Lille,2,0,H,1,0,H,,12,18,4,2,6,14,3,7,1,1,0,0,4.5,3.8,1.75,,,,4.5,3.9,1.75,4.53,3.81,1.75,,,,4.74,3.91,1.82,4.74,4,1.82,4.42,3.83,1.76,4.4,3.85,1.83,1.8,2,1.8,2.03,1.86,2.1,1.79,2.02,1.06,1.15,0.75,1.9,2,1.88,2,1.9,2.03,1.85,1.96,1.57,1.83,4.5,4.1,1.67,,,,4.75,3.9,1.67,4.97,4.16,1.7,,,,4.68,4.16,1.74,5,4.16,1.74,4.77,4.04,1.68,5.1,4.2,1.76,1.67,2.2,1.69,2.26,1.82,2.26,1.69,2.18,1.75,2.3,0.75,2.02,1.88,2.04,1.89,2.07,1.91,1.99,1.86,2.04,1.95
F1,10/05/2025,20:00,Le Havre,Marseille,1,3,A,0,0,D,,10,22,4,5,12,12,2,9,2,2,0,0,6,4.5,1.5,,,,5.5,4.33,1.57,5.86,4.54,1.5,,,,6.33,4.85,1.54,6.5,4.85,1.57,5.92,4.55,1.5,5.1,4,1.53,1.57,2.38,1.57,2.41,1.64,2.46,1.57,2.37,1.04,1.15,1,2.08,1.82,2.07,1.82,2.08,1.83,2.04,1.79,,,5.5,4.5,1.5,,,,6.5,4.5,1.44,6.54,4.59,1.51,,,,5.71,4.67,1.56,6.54,4.75,1.56,6.1,4.53,1.5,6.8,4.7,1.54,1.62,2.3,1.66,2.31,1.7,2.45,1.63,2.27,1.69,2.42,1,2.06,1.84,2.1,1.84,2.1,1.86,2.04,1.81,2.12,1.87
F1,10/05/2025,20:00,Monaco,Lyon,2,0,H,0,0,D,,11,9,5,4,16,18,3,5,2,4,0,0,1.83,4.2,3.7,,,,1.8,4.2,4,1.83,4.2,3.75,,,,1.88,4.32,3.95,1.88,4.4,4,1.82,4.22,3.72,1.82,4.4,3.9,1.4,3,1.42,2.86,1.42,3,1.4,2.85,1.02,1.15,-0.5,1.86,2.04,1.84,2.04,1.86,2.05,1.82,2.01,1.82,2.14,1.83,4.2,3.6,,,,1.75,4.1,4,1.85,4.33,3.86,,,,1.86,4.31,3.86,1.86,4.42,4,1.82,4.25,3.78,1.85,4.4,4.1,1.36,3.2,1.39,3.13,1.42,3.25,1.37,3.05,1.42,3.35,-0.5,1.86,2.04,1.86,2.07,1.86,2.09,1.83,2.02,1.85,2.16
F1,10/05/2025,20:00,Montpellier,Paris SG,1,4,A,0,1,A,,9,10,4,8,14,11,5,4,1,1,0,0,9,7,1.25,,,,12,8,1.18,9.33,6.94,1.23,,,,9.2,7.36,1.3,12,8,1.3,9.85,6.94,1.23,10,4.7,1.24,1.3,3.5,1.29,3.54,1.3,3.6,1.28,3.48,1.16,1.15,2,1.84,2.06,1.83,2.03,1.85,2.06,1.83,2,,,6.25,5.75,1.4,,,,7,5.5,1.36,6.61,5.6,1.42,,,,6.35,5.85,1.43,7,5.85,1.43,6.58,5.55,1.39,7.8,5.9,1.42,1.3,3.5,1.32,3.54,1.32,3.65,1.3,3.46,1.35,3.75,1.5,1.86,2.04,1.87,2.06,1.89,2.06,1.85,2,1.96,2.01
F1,10/05/2025,20:00,Reims,St Etienne,0,2,A,0,2,A,,19,9,3,4,13,12,4,5,1,0,0,0,2.1,3.7,3.2,,,,2.05,3.75,3.4,2.06,3.71,3.39,,,,2.14,3.79,3.51,2.14,3.8,3.51,2.08,3.7,3.31,2.12,3.75,3.55,1.67,2.2,1.7,2.19,1.76,2.24,1.68,2.17,1.05,1.15,-0.25,1.84,2.06,1.8,2.07,1.84,2.07,1.8,2.01,1.82,2.09,2.15,3.6,3.25,,,,2.1,3.5,3.3,2.23,3.56,3.35,,,,2.15,3.69,3.38,2.23,3.75,3.41,2.12,3.58,3.33,2.2,3.7,3.6,1.73,2.1,1.81,2.08,1.82,2.18,1.74,2.1,1.81,2.18,-0.25,1.9,2,1.93,1.99,1.93,2.06,1.84,2.02,1.9,2.09
F1,10/05/2025,20:00,Rennes,Nice,2,0,H,1,0,H,,10,14,4,6,5,13,1,5,1,1,0,0,3.6,3.8,1.95,,,,3.8,3.6,2,3.63,3.73,1.97,,,,3.76,3.94,2.02,3.8,3.94,2.05,3.57,3.71,1.98,3.85,3.55,2.04,1.73,2.1,1.69,2.19,1.78,2.24,1.7,2.14,1.07,2.08,0.5,1.89,2.01,1.88,1.99,1.9,2.02,1.86,1.98,1.9,2.04,3.1,3.7,2.15,,,,3.2,3.6,2.1,3.23,3.92,2.16,,,,3.18,3.8,2.21,3.25,3.94,2.21,3.16,3.77,2.13,3.35,3.95,2.2,1.5,2.63,1.53,2.62,1.64,2.63,1.54,2.49,1.57,2.7,0.25,2,1.9,2.03,1.9,2.04,1.9,1.99,1.83,2.07,1.92
F1,10/05/2025,20:00,Toulouse,Lens,1,1,D,0,0,D,,9,12,6,2,17,12,2,1,2,5,0,0,2.25,3.5,3.1,,,,2.25,3.5,3.1,2.27,3.48,3.1,,,,2.35,3.61,3.2,2.35,3.65,3.2,2.26,3.5,3.06,2.32,3.35,3.1,1.84,2.06,1.8,2.03,1.87,2.08,1.8,2.01,1.07,2.04,-0.25,2.01,1.89,1.99,1.88,2.05,1.89,1.96,1.86,2,1.92,2.2,3.5,3.2,,,,2.2,3.5,3.1,2.3,3.56,3.21,,,,2.25,3.57,3.27,2.3,3.6,3.31,2.24,3.49,3.15,2.34,3.6,3.3,1.86,2.04,1.81,2.08,1.9,2.09,1.8,2.03,1.83,2.18,-0.25,1.95,1.95,1.99,1.93,1.99,1.97,1.94,1.91,2.02,1.96
F2,10/05/2025,16:00,Annecy,Grenoble,3,1,H,1,1,D,,7,7,3,1,13,8,7,3,1,2,0,0,1.95,3.4,3.8,,,,1.91,3.5,3.8,1.96,3.5,3.67,,,,2,3.62,3.62,2.05,3.62,3.8,1.97,3.52,3.59,1.04,1.93,1.93,1.8,2,1.74,2.08,1.83,2.08,1.76,2.02,,,-0.5,2,1.85,1.98,1.84,2.05,1.85,1.97,1.81,,,2.1,3.3,3.5,,,,2,3.4,3.25,2.12,3.5,3.4,,,,2.16,3.39,3.6,2.16,3.56,3.6,2.08,3.43,3.39,2.18,3.75,3.5,1.83,2.03,1.79,2.04,1.89,2.16,1.76,2.04,1.83,2.16,-0.25,1.83,2.03,1.85,2.01,1.88,2.05,1.81,2,1.89,2.08
F2,10/05/2025,16:00,Bastia,Caen,2,1,H,1,1,D,,27,4,11,2,11,8,12,1,0,2,0,0,1.48,4.33,5.75,,,,1.53,4.1,5.5,1.48,4.4,5.85,,,,1.53,4.4,5.85,1.53,4.51,5.85,1.5,4.37,5.67,1.04,1.01,1.04,1.57,2.35,1.56,2.41,1.73,2.42,1.57,2.33,,,-1,1.83,2.03,1.81,2.02,1.84,2.05,1.8,1.99,,,1.42,4.5,6.25,,,,1.36,4.6,6,1.42,4.78,6.99,,,,1.49,4.72,6.55,1.49,4.9,6.99,1.42,4.66,6.47,1.47,5.2,7.4,1.57,2.35,1.56,2.44,1.64,2.5,1.55,2.38,1.61,2.58,-1.25,1.93,1.93,1.95,1.9,1.95,1.97,1.92,1.88,2.02,1.96
F2,10/05/2025,16:00,Laval,Metz,2,3,A,0,1,A,,19,11,8,5,14,8,7,2,2,1,0,0,2.15,3.8,2.9,,,,2.3,3.6,2.8,2.18,4.03,2.78,,,,2.29,3.62,2.95,2.3,4.03,3.05,2.19,3.76,2.89,1.04,1.32,2.84,1.57,2.35,1.55,2.42,1.58,2.42,1.56,2.33,,,-0.25,1.95,1.9,1.95,1.87,1.95,2.01,1.89,1.87,,,1.8,3.9,3.8,,,,1.73,3.9,3.8,1.85,4.05,3.77,,,,1.82,4.16,4.06,1.88,4.16,4.06,1.81,3.97,3.77,1.87,4.3,4.2,1.7,2.1,1.73,2.13,1.73,2.3,1.63,2.21,1.75,2.26,-0.5,1.83,2.03,1.85,2,1.85,2.09,1.81,1.99,1.87,2.13
F2,10/05/2025,16:00,Lorient,Martigues,5,1,H,1,0,H,,23,6,10,4,13,7,6,3,2,1,0,0,1.57,4.1,5.5,,,,1.53,4,5.5,1.55,3.6,6.66,,,,1.6,3.84,5.96,1.6,4.1,6.66,1.56,3.86,5.79,1.18,1.33,1.14,1.53,2.4,1.54,2.41,1.54,2.5,1.51,2.41,,,-1,1.93,1.93,1.88,1.93,1.93,1.93,1.87,1.88,,,1.27,5.75,10,,,,1.25,5.5,7.5,1.31,5.03,9.13,,,,1.33,5.69,9.21,1.33,5.75,10,1.3,5.36,8.68,1.34,6.6,9.2,1.33,3.4,1.39,2.92,1.4,3.4,1.37,2.98,1.42,3.2,-1.75,1.95,1.9,2.03,1.79,2.36,1.9,2.03,1.77,2.02,1.9
F2,10/05/2025,16:00,Paris FC,Ajaccio,2,0,H,0,0,D,,19,10,6,1,11,13,3,3,0,1,0,0,1.48,4.1,6.5,,,,1.44,4.1,7,1.44,4.23,7.01,,,,1.47,4.33,7.2,1.48,4.33,7.2,1.45,4.2,6.8,1.04,1.01,1.04,1.98,1.88,1.95,1.85,2,1.88,1.93,1.83,,,-1,1.8,2.05,1.78,2.05,1.9,2.05,1.77,2.01,,,1.33,5,8,,,,1.3,4.75,8,1.3,5.33,9.82,,,,1.4,5.17,7.76,1.4,5.33,9.82,1.34,5.01,8.13,1.37,5.7,10,1.57,2.35,1.61,2.33,1.66,2.4,1.6,2.29,1.66,2.48,-1.5,1.98,1.88,2,1.86,2.05,1.88,1.99,1.81,2.06,1.9
F2,10/05/2025,16:00,Pau FC,Guingamp,1,3,A,1,1,D,,8,14,2,8,9,10,5,5,3,2,1,0,3,3.7,2.1,,,,2.88,3.8,2.15,2.84,4.04,2.14,,,,2.94,4.05,2.16,3.1,4.09,2.16,2.95,3.92,2.1,2.82,4,2.24,1.44,2.7,1.43,2.72,1.45,2.75,1.42,2.68,,,0.25,1.98,1.88,1.91,1.91,1.98,1.93,1.92,1.85,,,4,3.7,1.8,,,,3.9,3.7,1.75,3.81,3.99,1.85,,,,4.15,3.84,1.87,4.15,4.02,1.89,3.8,3.87,1.84,4.2,4.1,1.9,1.6,2.3,1.6,2.36,1.66,2.5,1.57,2.33,1.66,2.46,0.5,2.03,1.83,1.99,1.86,2.03,1.89,1.95,1.83,2.09,1.9
F2,10/05/2025,16:00,Red Star,Dunkerque,1,1,D,1,1,D,,10,10,5,2,5,15,1,3,2,1,0,1,4,3.2,2,,,,3.6,3.3,2,3.86,3.28,1.98,,,,3.8,3.4,2.02,4,3.6,2.08,3.63,3.36,2.01,1.05,1.51,2.08,1.7,2.1,1.68,2.15,1.75,2.17,1.69,2.11,,,0.5,1.85,2,1.83,2,1.85,2.08,1.78,2.01,,,3.1,2.88,2.6,,,,2.8,3.1,2.38,2.9,3.4,2.51,,,,3.08,2.95,2.69,3.1,3.4,2.69,2.89,3.15,2.5,3.1,3.4,2.56,1.98,1.88,1.79,2.05,2.06,2.05,1.87,1.92,1.96,2,0,2.1,1.78,2.08,1.79,2.11,1.82,2.04,1.78,2.19,1.82
F2,10/05/2025,16:00,Rodez,Clermont,1,1,D,1,1,D,,11,8,2,2,14,7,2,12,1,2,0,0,2.75,3.5,2.4,,,,2.7,3.5,2.4,2.78,3.61,2.33,,,,2.78,3.72,2.36,2.8,3.72,2.4,2.74,3.6,2.34,1.08,1.15,1.07,1.62,2.25,1.61,2.27,1.65,2.35,1.6,2.25,,,0,2.05,1.8,2.08,1.74,2.08,1.83,2.04,1.75,,,2.15,3.6,3,,,,2.2,3.6,2.88,2.18,3.89,2.99,,,,2.23,3.74,3.12,2.24,3.89,3.12,2.19,3.69,2.95,2.26,3.95,3.2,1.53,2.4,1.54,2.5,1.6,2.5,1.54,2.39,1.6,2.6,-0.25,1.9,1.95,1.93,1.93,1.94,1.95,1.91,1.87,1.97,2
F2,10/05/2025,16:00,Troyes,Amiens,1,0,H,0,0,D,,21,16,7,2,9,10,9,2,0,2,0,0,1.55,4.1,5.5,,,,1.5,4.1,5.5,1.55,4.3,5.14,,,,1.57,4.3,5.5,1.57,4.32,5.75,1.55,4.16,5.36,1.04,1.01,1.04,1.75,2.05,1.76,2.04,1.8,2.07,1.76,2.01,,,-1,2,1.85,1.96,1.85,2.04,1.85,1.94,1.83,,,1.48,4.5,6,,,,1.4,4.2,6,1.47,4.76,6.06,,,,1.52,4.62,6.16,1.52,4.78,7,1.46,4.56,6.1,1.52,4.8,7,1.62,2.25,1.65,2.27,1.69,2.33,1.62,2.24,1.66,2.46,-1,1.75,2.05,1.76,2.1,1.85,2.15,1.74,2.08,1.85,2.13
G1,10/05/2025,15:00,Lamia,Panserraikos,2,1,H,0,1,A,,13,7,2,2,14,21,7,5,2,3,0,0,5.75,4.1,1.52,,,,6.5,3.6,1.57,5.79,3.89,1.48,,,,6.1,4.05,1.56,6.5,4.1,1.57,5.93,3.9,1.53,,,,1.97,1.77,1.93,1.79,2.25,1.82,2,1.76,,,1,1.88,1.98,1.85,1.88,1.88,2.01,1.84,1.94,,,5,3.75,1.65,,,,5,3.5,1.62,5,3.73,1.67,,,,4.96,3.72,1.64,5.75,3.95,1.69,5.18,3.72,1.64,5.7,3.9,1.74,2,1.85,2.02,1.79,2.05,1.85,1.98,1.8,2.06,1.9,0.75,2.03,1.83,1.93,1.89,2.09,1.89,1.98,1.82,2.02,1.94
G1,10/05/2025,15:00,Levadeiakos,Athens Kallithea,4,1,H,1,0,H,,15,9,9,2,15,13,2,9,1,5,0,1,2.25,3.3,3.2,,,,2.2,3.3,3.1,2.26,3.27,3.16,,,,2.3,3.32,3.17,2.3,3.35,3.2,2.24,3.28,3.11,,,,2.15,1.67,2.18,1.66,2.2,1.69,2.16,1.66,,,-0.25,1.98,1.88,1.95,1.86,1.98,1.88,1.94,1.84,,,2.6,3,3,,,,2.5,3,2.75,2.58,3.07,2.98,,,,2.53,2.92,2.92,2.6,3.18,3.05,2.49,3.05,2.94,2.62,3.3,3.05,2.2,1.65,2.24,1.66,2.33,1.67,2.21,1.63,2.34,1.72,0,1.8,2.05,1.79,2.08,1.8,2.1,1.75,2.07,1.82,2.16
G1,10/05/2025,16:30,Aris,Asteras Tripolis,4,2,H,2,0,H,,12,8,7,4,16,10,2,2,1,0,0,0,1.63,3.6,5.25,,,,1.67,3.8,5,1.65,3.68,5.16,,,,1.7,3.78,5,1.72,3.95,5.75,1.67,3.67,5,,,,2.07,1.69,2.03,1.79,2.1,1.79,2.04,1.74,,,-0.75,1.9,1.95,1.87,1.95,1.93,2.05,1.86,1.92,,,1.65,3.8,5.25,,,,1.57,3.6,5,1.63,3.87,5.5,,,,1.62,3.72,5.15,1.67,3.87,5.5,1.63,3.76,5.19,1.69,4,5.9,1.93,1.93,1.9,1.93,2,1.93,1.92,1.85,1.98,1.98,-0.75,1.83,2.03,1.82,2.04,1.85,2.05,1.82,1.99,1.88,2.11
G1,10/05/2025,17:15,Atromitos,OFI Crete,0,0,D,0,0,D,,11,11,4,3,23,17,4,4,2,1,0,0,1.8,3.4,4.33,,,,1.85,3.5,4,1.88,3.32,4.26,,,,1.89,3.54,4.16,1.95,3.54,4.33,1.88,3.38,4.04,,,,2.07,1.69,2.12,1.71,2.12,1.75,2.06,1.72,,,-0.5,1.88,1.98,1.89,1.93,1.92,1.98,1.89,1.9,,,1.8,3.9,4.1,,,,1.7,3.75,4,1.8,3.84,4.22,,,,1.76,3.71,4.11,1.83,3.9,4.25,1.79,3.75,4.05,1.91,3.95,4.2,1.62,2.25,1.67,2.24,1.74,2.25,1.66,2.18,1.69,2.42,-0.75,2.03,1.83,2.05,1.81,2.06,1.83,2.03,1.79,2.16,1.82
G1,10/05/2025,18:00,Panetolikos,Volos NFC,0,3,A,0,2,A,,13,16,1,8,16,15,3,6,2,5,0,0,4.75,3.2,1.85,,,,4.5,3.1,1.9,4.55,3.31,1.83,,,,4.54,3.44,1.85,4.75,3.44,1.9,4.48,3.25,1.85,,,,2.35,1.54,2.3,1.6,2.55,1.6,2.35,1.54,,,0.5,1.98,1.88,1.98,1.84,1.98,1.9,1.94,1.85,,,5.5,4.2,1.53,,,,8,4.6,1.33,5.75,4.36,1.5,,,,5.45,4.17,1.52,8,4.6,1.53,6.41,4.19,1.48,7.4,4.6,1.53,1.98,1.88,1.91,1.89,2.07,1.89,1.99,1.78,2.06,1.89,1,1.93,1.93,1.93,1.89,2.03,1.93,1.96,1.85,2.04,1.92
G1,11/05/2025,18:00,Panathinaikos,Olympiakos,0,1,A,0,0,D,,14,9,5,6,6,16,8,5,2,3,0,0,2.4,3.25,2.9,,,,2.3,3.1,3,2.41,3.09,3.06,,,,2.45,3.16,3.05,2.45,3.25,3.06,2.38,3.15,2.98,,,,2.15,1.67,2.22,1.64,2.22,1.7,2.18,1.65,,,-0.25,2.1,1.78,2.06,1.76,2.1,1.78,2.03,1.76,,,2.9,3.4,2.35,,,,2.9,3.1,2.3,3.18,3.14,2.4,,,,2.86,3.35,2.31,3.18,3.4,2.4,2.98,3.29,2.32,3.2,3.4,2.48,1.75,2.05,1.83,2.02,1.83,2.09,1.77,2.02,1.84,2.16,0.25,1.83,2.03,1.82,2.05,1.85,2.05,1.81,2,1.86,2.11
G1,11/05/2025,18:00,PAOK,AEK,1,0,H,1,0,H,,9,10,4,1,23,13,3,4,3,4,0,0,2.25,3.25,3.2,,,,2.25,3.3,3,2.16,3.45,3.19,,,,2.23,3.4,3.25,2.25,3.53,3.3,2.21,3.31,3.16,,,,2.03,1.83,1.93,1.85,2.08,1.85,1.99,1.78,,,-0.25,1.95,1.9,1.88,1.93,1.95,1.93,1.9,1.88,,,2.05,3.5,3.5,,,,2,3.4,3.5,2.05,3.48,3.64,,,,1.97,3.45,3.54,2.12,3.57,3.64,2.05,3.42,3.47,2.14,3.65,3.75,1.88,1.98,1.89,1.94,1.91,2,1.86,1.92,1.89,2.08,-0.25,1.8,2.05,1.77,2.09,1.84,2.11,1.78,2.03,1.85,2.14
I1,09/05/2025,19:45,Milan,Bologna,3,1,H,0,0,D,,10,10,5,4,5,14,3,4,2,2,0,0,2.3,3.4,3,,,,2.45,3.3,2.9,2.36,3.45,3.13,,,,2.42,3.48,3.17,2.45,3.48,3.17,2.35,3.38,3.05,2.58,3.45,3,1.99,1.91,2.01,1.9,2.01,1.93,1.96,1.87,2,1.94,-0.25,2.04,1.86,2.05,1.88,2.06,1.88,2.01,1.83,2.2,1.81,2.2,3.4,3.2,,,,2.2,3.25,3.2,2.26,3.42,3.43,,,,2.19,3.5,3.47,2.28,3.5,3.49,2.22,3.37,3.3,2.3,3.45,3.55,1.95,1.95,1.94,1.96,1.99,1.97,1.91,1.91,2.02,1.98,-0.25,1.92,1.98,1.94,1.98,1.97,2.03,1.9,1.96,1.97,2.02
I1,10/05/2025,14:00,Como,Cagliari,3,1,H,2,1,H,,19,9,5,3,9,15,5,1,1,3,0,0,1.73,3.8,4.75,,,,1.75,3.7,5,1.77,3.83,4.78,,,,1.8,3.96,4.8,1.8,3.96,5,1.75,3.76,4.66,1.81,3.8,5,1.97,1.93,1.95,1.93,1.97,1.97,1.9,1.92,1.89,1.83,-0.75,1.99,1.91,2.01,1.9,2.01,1.91,1.96,1.86,2,1.89,1.73,3.8,4.5,,,,1.73,3.6,4.6,1.78,3.81,4.8,,,,1.78,3.92,4.65,1.82,3.92,4.8,1.76,3.78,4.57,1.82,3.95,5,1.68,2.05,1.78,2.12,1.78,2.25,1.7,2.15,1.79,2.24,-0.75,1.93,1.85,2.02,1.91,2.02,1.95,1.97,1.87,2.05,1.94
I1,10/05/2025,17:00,Lazio,Juventus,1,1,D,0,0,D,,19,8,6,3,14,10,3,3,5,4,0,1,2.45,3.2,3,,,,2.45,3.25,3,2.45,3.25,3.15,,,,2.52,3.28,3.2,2.52,3.28,3.2,2.46,3.2,3.03,2.58,3.3,3.1,2.2,1.67,2.28,1.68,2.29,1.74,2.19,1.67,2.14,1.65,-0.25,2.1,1.8,2.1,1.83,2.11,1.83,2.06,1.78,2.19,1.79,2.3,3.1,3.3,,,,2.3,3,3.3,2.41,3.08,3.47,,,,2.45,3.19,3.23,2.54,3.19,3.47,2.4,3.08,3.24,2.48,3.15,3.55,2.2,1.67,2.28,1.68,2.31,1.73,2.19,1.69,2.32,1.74,-0.25,2.02,1.88,2.04,1.89,2.06,1.9,2.02,1.84,2.08,1.91
I1,10/05/2025,19:45,Empoli,Parma,2,1,H,1,0,H,,15,3,4,1,21,16,4,0,2,2,0,1,2.15,3.3,3.5,,,,2.2,3.3,3.4,2.17,3.42,3.58,,,,2.18,3.61,3.59,2.2,3.61,3.6,2.14,3.39,3.48,2.3,3.45,3.55,2.03,1.87,2.05,1.85,2.06,1.89,2,1.82,2.04,1.7,-0.25,1.85,2,1.87,2.04,1.87,2.06,1.82,2,1.96,2.01,2.35,3,3.4,,,,2.2,2.88,3.4,2.42,3.06,3.48,,,,2.49,3.06,3.31,2.49,3.11,3.48,2.36,3.02,3.37,2.44,3.1,3.65,2.38,1.57,2.53,1.57,2.53,1.63,2.41,1.57,2.54,1.64,-0.25,2,1.85,2.05,1.88,2.08,1.9,2,1.85,2.05,1.93
I1,11/05/2025,11:30,Udinese,Monza,1,2,A,0,0,D,,21,5,5,2,21,8,7,0,2,3,0,0,1.48,4.2,7,,,,1.5,4.2,7.5,1.5,4.37,7.06,,,,1.52,4.64,7.16,1.52,4.64,7.5,1.48,4.35,6.8,1.54,4.3,7.4,1.89,2.01,1.88,2.02,1.91,2.03,1.85,1.97,1.9,1.87,-1,1.83,2.07,1.83,2.09,1.83,2.09,1.8,2.03,1.8,2.01,1.62,4,5.25,,,,1.55,3.75,5.5,1.64,4.06,5.65,,,,1.64,4.1,5.64,1.64,4.2,5.87,1.61,4.02,5.56,1.66,4.1,6.4,1.8,2,1.85,2.07,1.99,2.07,1.86,1.96,1.9,2.08,-0.75,1.82,2.08,1.81,2.1,1.83,2.14,1.78,2.1,1.83,2.18
I1,11/05/2025,14:00,Verona,Lecce,1,1,D,1,1,D,,6,11,2,3,17,15,3,6,4,0,0,0,2.15,3,3.75,,,,2.45,2.88,3.5,2.24,3.07,3.82,,,,2.31,3.06,3.92,2.45,3.15,4,2.22,3.03,3.72,2.52,3,3.65,2.2,1.67,2.32,1.66,2.4,1.7,2.25,1.64,2.48,1.48,-0.25,1.87,2.03,1.9,2.01,1.9,2.03,1.85,1.98,2.1,1.89,2.5,2.75,3.4,,,,2.45,2.63,3.2,2.56,2.82,3.54,,,,2.57,2.82,3.49,2.65,2.96,3.54,2.54,2.8,3.34,2.66,2.88,3.55,2.75,1.44,2.74,1.46,2.86,1.56,2.69,1.47,2.88,1.52,-0.25,2.1,1.8,2.13,1.81,2.15,1.82,2.1,1.77,2.19,1.83
I1,11/05/2025,17:00,Torino,Inter,0,2,A,0,1,A,,17,12,3,7,14,6,9,3,1,3,0,0,5.75,4,1.57,,,,6.5,4.33,1.5,6.08,4.24,1.57,,,,6.28,4.28,1.61,6.5,4.33,1.61,5.93,4.1,1.56,6.8,4.4,1.56,1.99,1.91,1.99,1.9,2.01,1.93,1.95,1.87,1.94,1.78,1,1.87,2.03,1.87,2.05,1.87,2.05,1.85,1.98,1.9,2.01,5,3.7,1.7,,,,5,3.5,1.65,5.33,3.73,1.73,,,,5.4,3.8,1.72,5.45,3.8,1.75,5.12,3.71,1.71,5.7,3.9,1.75,2,1.8,2.13,1.78,2.24,1.82,2.1,1.75,2.16,1.85,0.75,1.95,1.95,1.95,1.97,2,1.97,1.94,1.91,2,1.98
I1,11/05/2025,19:45,Napoli,Genoa,2,2,D,1,1,D,,22,8,11,2,12,14,8,0,1,2,0,0,1.3,5.25,11,,,,1.3,5,13,1.3,5.34,12.49,,,,1.31,5.52,13.6,1.31,5.52,13.6,1.29,5.08,11.88,1.34,5.1,13,2.06,1.84,2.05,1.85,2.08,1.87,2.01,1.81,1.99,1.74,-1.5,2,1.9,2,1.91,2.1,1.92,1.96,1.86,1.95,1.78,1.29,5.5,10,,,,1.25,4.75,10.5,1.31,5.45,11.51,,,,1.32,5.74,10.4,1.32,5.74,13.02,1.29,5.41,11.16,1.32,5.5,15,1.73,2.1,1.75,2.17,1.9,2.19,1.77,2.07,1.91,2.08,-1.5,1.91,1.99,1.95,1.97,1.95,2,1.89,1.96,1.94,2.03
I1,12/05/2025,17:30,Venezia,Fiorentina,2,1,H,0,0,D,,4,5,4,1,21,17,1,5,1,4,0,0,3.1,3.2,2.38,,,,3.1,3,2.3,3.11,3.28,2.46,,,,3.18,3.3,2.52,3.18,3.3,2.52,3.06,3.2,2.41,3.35,3.25,2.48,2.2,1.67,2.27,1.68,2.3,1.72,2.23,1.65,2.18,1.61,0.25,1.81,2.09,1.82,2.11,1.82,2.11,1.79,2.01,1.89,2.1,2.63,3,2.9,,,,2.63,3,2.63,2.72,3.14,2.88,,,,2.83,3.08,2.84,2.83,3.2,2.9,2.7,3.07,2.82,2.86,3.15,2.96,2.3,1.62,2.38,1.63,2.44,1.66,2.3,1.62,2.48,1.67,0,1.87,2.03,1.9,2.02,1.92,2.04,1.89,2,1.96,2.02
I1,12/05/2025,19:45,Atalanta,Roma,2,1,H,1,1,D,,16,10,3,4,14,14,8,7,1,0,0,0,1.95,3.6,3.75,,,,2,3.4,3.6,2.01,3.56,3.91,,,,2.05,3.66,3.94,2.05,3.66,3.94,1.99,3.54,3.71,2.12,3.5,3.8,1.8,2,1.83,2.05,1.87,2.08,1.81,2.01,1.76,1.96,-0.5,2,1.9,2.02,1.89,2.05,1.9,1.99,1.85,2.12,1.87,2,3.5,3.7,,,,1.95,3.25,3.7,2.07,3.48,3.86,,,,2.1,3.58,3.64,2.1,3.6,3.9,2.05,3.48,3.67,2.12,3.55,4,1.67,2.2,1.71,2.23,1.82,2.23,1.72,2.15,1.83,2.18,-0.5,2.04,1.86,2.08,1.85,2.1,1.86,2.05,1.81,2.12,1.88
I2,09/05/2025,19:30,Cittadella,Bari,3,1,H,0,1,A,,19,12,7,2,17,15,2,3,2,3,0,0,2.63,3.1,2.63,,,,2.63,3.2,2.7,2.76,3.13,2.72,,,,2.73,3.14,2.7,2.76,3.3,2.72,2.66,3.15,2.66,2.72,3.3,2.7,2.15,1.67,2.2,1.69,2.2,1.75,2.12,1.69,1.91,1.92,0,1.93,1.93,1.94,1.91,1.95,1.97,1.9,1.9,,,2.88,3.2,2.5,,,,2.8,3,2.6,2.95,3.02,2.64,,,,2.88,3.21,2.5,2.95,3.21,2.64,2.85,3.09,2.54,3.15,3.15,2.68,2.25,1.62,2.32,1.62,2.32,1.68,2.22,1.62,2.4,1.7,0,2.05,1.8,2.05,1.82,2.07,1.85,2.02,1.79,2.15,1.84
I2,09/05/2025,19:30,Cosenza,Cesena,0,1,A,0,1,A,,12,6,2,1,15,15,7,2,1,2,0,0,4,3.4,1.91,,,,4.6,3.6,1.75,4.21,3.32,1.95,,,,4.11,3.4,1.94,4.6,3.6,2.02,4.07,3.38,1.9,4.6,3.5,1.76,2.03,1.83,2.06,1.78,2.06,1.84,2.01,1.78,1.94,1.84,0.5,1.88,1.98,1.89,1.96,1.97,2.02,1.88,1.91,,,3.9,3.3,1.95,,,,4,3.2,1.95,4.14,3.23,2,,,,3.95,3.34,1.98,4.7,3.5,2.03,3.98,3.3,1.94,4.4,3.4,2.06,2.1,1.7,2.14,1.72,2.26,1.81,2.07,1.73,2.16,1.84,0.5,1.83,2.03,1.85,2.01,2.04,2.03,1.86,1.94,1.91,2.06
I2,09/05/2025,19:30,Juve Stabia,Reggiana,1,2,A,0,2,A,,21,8,8,3,17,14,11,1,0,2,0,0,2.38,2.7,3.6,,,,2,2.8,4.5,2.49,2.64,3.72,,,,2.44,2.75,3.6,2.49,2.8,4.5,2.36,2.7,3.69,2.16,2.84,4.7,2.5,1.5,2.54,1.52,2.54,1.57,2.44,1.53,2.24,1.5,-0.25,2.03,1.83,2.06,1.81,2.06,1.87,1.96,1.82,,,2.38,2.7,3.7,,,,2.3,2.8,3.6,2.45,2.75,3.61,,,,2.38,2.71,3.71,2.45,2.8,3.8,2.36,2.71,3.64,2.5,2.88,3.9,2.5,1.5,2.62,1.5,2.74,1.55,2.52,1.49,2.8,1.55,-0.25,2,1.85,2.03,1.83,2.07,1.88,1.96,1.84,2.06,1.92
I2,09/05/2025,19:30,Mantova,Carrarese,2,1,H,1,0,H,,18,12,5,2,17,15,2,4,3,3,0,0,2.05,3,4.2,,,,2.3,3,3.3,2.17,3.08,3.78,,,,2.19,3.04,3.74,2.3,3.08,4.2,2.15,3.01,3.72,2.42,2.92,3.65,1.93,1.93,1.91,1.93,2,1.97,1.91,1.87,1.89,1.8,-0.25,1.73,2.08,1.85,2.01,1.88,2.08,1.8,1.98,,,2.05,3.1,4.1,,,,1.95,3.25,3.8,2.04,3.27,3.92,,,,2.04,3.09,4.08,2.07,3.27,4.1,2.04,3.13,3.88,2.12,3.4,4.2,2,1.85,1.97,1.87,2.02,1.92,1.93,1.85,2.04,1.94,-0.5,2.05,1.8,2.05,1.81,2.07,1.85,2.03,1.77,2.13,1.87
I2,09/05/2025,19:30,Modena,Brescia,2,2,D,1,1,D,,12,15,3,4,17,10,2,1,4,1,0,0,2.25,3,3.5,,,,2.55,2.8,3.2,2.32,2.82,3.78,,,,2.29,3.08,3.44,2.55,3.08,3.78,2.31,2.89,3.48,2.5,2.9,3.35,2.25,1.62,2.36,1.61,2.43,1.62,2.3,1.59,2.2,1.54,-0.25,1.95,1.9,1.94,1.91,1.98,1.94,1.92,1.86,,,2.2,3.1,3.5,,,,2.2,3,3.5,2.29,3.01,3.56,,,,2.21,3.11,3.51,2.38,3.11,3.56,2.27,2.97,3.44,2.34,3.2,3.65,2.2,1.65,2.25,1.66,2.28,1.66,2.21,1.63,2.28,1.75,-0.25,1.88,1.98,1.94,1.91,1.98,2,1.91,1.89,1.98,1.99
I2,09/05/2025,19:30,Palermo,Frosinone,2,0,H,1,0,H,,9,14,3,1,20,15,3,2,2,0,0,0,1.91,3.1,4.5,,,,2,3,4.2,1.92,3.18,4.61,,,,1.98,3.14,4.37,2,3.18,4.75,1.95,3.06,4.41,1.83,3,4.5,1.87,1.87,1.93,1.9,1.95,1.95,1.89,1.88,1.87,1.79,-0.5,1.93,1.93,1.93,1.93,1.98,2,1.93,1.86,,,1.91,3.2,4.33,,,,1.91,3.4,3.9,1.92,3.45,4.15,,,,1.93,3.23,4.37,2.02,3.45,4.37,1.93,3.23,4.17,2.02,3.6,4.2,1.8,2,1.76,2.08,1.93,2.08,1.79,1.99,1.91,2.06,-0.5,1.93,1.93,1.93,1.93,2,1.97,1.92,1.87,2.03,1.96
I2,09/05/2025,19:30,Pisa,Sudtirol,3,3,D,1,2,A,,15,9,10,5,7,12,5,4,3,2,0,0,2.1,3.2,3.7,,,,1.75,3.1,5.5,2.12,3.07,3.93,,,,2.15,3.1,3.79,2.19,3.2,5.5,2.09,3.05,3.89,1.82,3.3,5.8,2.1,1.7,2.15,1.71,2.45,1.71,2.15,1.68,2.26,1.51,-0.25,1.8,2.05,1.81,2.06,1.83,2.09,1.77,2.01,,,2.4,2.9,3.3,,,,2.3,2.9,3.3,2.44,3.02,3.25,,,,2.42,2.92,3.32,2.49,3.02,3.37,2.35,2.94,3.29,2.44,3.1,3.6,2.2,1.65,2.22,1.68,2.37,1.68,2.21,1.64,2.32,1.73,-0.25,2.05,1.8,2.07,1.81,2.08,1.88,2,1.81,2.06,1.92
I2,09/05/2025,19:30,Sampdoria,Salernitana,1,0,H,1,0,H,,10,11,2,0,21,13,4,2,4,1,0,0,2.25,3.2,3.25,,,,2.1,3.3,3.5,2.25,3.19,3.43,,,,2.25,3.24,3.35,2.25,3.3,3.5,2.2,3.2,3.33,2.04,3.15,3.25,2.1,1.7,2.15,1.72,2.21,1.8,2.1,1.71,2,1.79,-0.25,1.95,1.9,1.93,1.93,1.96,1.97,1.88,1.9,,,2.4,3.1,3,,,,2.3,3,3.25,2.47,3.02,3.2,,,,2.43,3.14,3.04,2.47,3.2,3.3,2.35,3.08,3.13,2.42,3.2,3.55,2.3,1.6,2.31,1.63,2.4,1.7,2.22,1.63,2.44,1.67,-0.25,2.1,1.78,2.09,1.79,2.16,1.86,2.01,1.8,2.14,1.83
I2,09/05/2025,19:30,Sassuolo,Catanzaro,0,2,A,0,0,D,,18,8,7,2,12,14,9,4,2,1,0,0,2.15,3.3,3.5,,,,2.2,3.5,3,2.19,3.27,3.47,,,,2.2,3.32,3.37,2.2,3.5,3.5,2.17,3.32,3.28,2.22,3.65,3.15,1.65,2.2,1.65,2.27,1.67,2.31,1.62,2.23,1.65,2.32,-0.25,1.88,1.98,1.88,1.97,1.9,2.02,1.86,1.92,,,2,3.4,3.9,,,,1.91,3.4,3.8,2,3.44,3.83,,,,1.98,3.38,3.87,2,3.47,3.9,1.98,3.42,3.71,2.08,3.65,3.9,1.67,2.15,1.69,2.19,1.72,2.28,1.65,2.18,1.73,2.34,-0.5,2,1.85,2.01,1.85,2.01,1.85,1.98,1.81,2.08,1.89
I2,09/05/2025,19:30,Spezia,Cremonese,2,3,A,0,3,A,,17,9,4,5,14,22,6,4,2,7,0,1,2.2,3.3,3.25,,,,2.25,3.5,2.9,2.27,3.31,3.26,,,,2.21,3.58,3.11,2.3,3.58,3.26,2.24,3.36,3.09,2.24,3.5,2.98,1.75,2.05,1.78,2.06,1.78,2.1,1.74,2.04,1.63,2.16,-0.25,1.93,1.88,1.95,1.9,1.99,1.93,1.93,1.85,,,2.5,3.1,2.9,,,,2.38,3.1,3,2.6,2.95,3.08,,,,2.52,3.13,2.93,2.6,3.3,3.08,2.45,3.14,2.93,2.64,3.25,3.15,1.98,1.88,1.94,1.89,2.02,2.03,1.87,1.91,1.98,1.93,0,1.78,2.03,1.77,2.11,1.8,2.2,1.74,2.08,1.82,2.19
N1,09/05/2025,19:00,Willem II,Heracles,1,2,A,0,1,A,,9,16,5,6,6,11,5,10,1,1,0,0,2.7,3.25,2.6,,,,2.45,3.5,2.63,2.79,3.38,2.64,,,,2.74,3.32,2.57,2.79,3.5,2.64,2.7,3.32,2.58,2.6,3.75,2.8,2.05,1.8,2.03,1.87,2.07,2,1.97,1.83,1.87,2.02,0,2.01,1.89,2.01,1.9,2.01,1.91,1.98,1.87,,,2.63,3.5,2.55,,,,2.63,3.1,2.55,2.72,3.5,2.63,,,,2.59,3.59,2.73,2.72,3.59,2.73,2.65,3.39,2.6,2.82,3.45,2.78,1.75,2.05,1.83,2.06,1.9,2.06,1.84,1.97,1.92,2.08,0,1.99,1.91,1.99,1.92,2,1.94,1.96,1.91,2,1.97
N1,10/05/2025,15:30,Waalwijk,Heerenveen,3,1,H,1,1,D,,18,3,6,1,10,11,5,2,2,1,0,1,3.4,3.8,2,,,,3.2,3.8,2,3.48,3.85,1.98,,,,3.4,3.92,1.99,3.55,3.92,2.11,3.37,3.83,1.99,3.25,1.85,2.04,1.5,2.4,1.55,2.47,1.57,2.47,1.52,2.41,,,0.5,1.86,2.04,1.87,2,1.87,2.11,1.83,2,,,3.1,3.8,2.1,,,,3.2,3.75,1.95,3.18,3.97,2.14,,,,3.39,4.01,2.06,3.39,4.01,2.14,3.23,3.9,2.05,3.45,4.1,2.14,1.48,2.6,1.51,2.66,1.51,2.66,1.48,2.61,1.52,2.9,0.25,2,1.9,2.02,1.88,2.13,1.9,2.04,1.79,2.13,1.88
N1,10/05/2025,17:45,For Sittard,NAC Breda,1,0,H,1,0,H,,10,6,4,4,14,10,5,3,1,2,0,0,1.95,3.4,4,,,,1.91,3.5,3.9,1.98,3.46,3.86,,,,1.96,3.62,3.77,2.02,3.62,4,1.97,3.48,3.79,1.35,1.03,1.35,1.93,1.93,1.95,1.9,1.95,1.96,1.91,1.88,,,-0.5,2.02,1.88,2,1.87,2.05,1.9,1.99,1.85,,,1.73,3.7,4.75,,,,1.73,3.5,4.4,1.79,3.71,4.84,,,,1.8,3.8,4.69,1.82,3.8,4.84,1.78,3.65,4.6,1.85,3.85,4.8,1.93,1.93,1.95,1.93,2.08,1.93,1.93,1.88,1.95,2,-0.75,1.97,1.81,2.03,1.88,2.07,1.88,2.01,1.83,2.1,1.87
N1,10/05/2025,20:00,Almere City,Sparta Rotterdam,0,3,A,0,0,D,,17,15,4,9,6,8,6,2,0,1,0,0,2.8,3.5,2.45,,,,2.75,3.4,2.4,2.76,3.69,2.41,,,,2.75,3.66,2.39,2.85,3.7,2.45,2.76,3.58,2.4,2.9,1.77,2.46,1.67,2.15,1.67,2.25,1.76,2.25,1.68,2.15,,,0,2.07,1.83,2.08,1.81,2.08,1.83,2.05,1.79,,,2.7,3.5,2.45,,,,2.7,3.6,2.4,2.73,3.73,2.51,,,,2.79,3.61,2.53,2.79,3.73,2.55,2.69,3.61,2.48,2.86,3.8,2.54,1.65,2.2,1.68,2.28,1.76,2.29,1.65,2.22,1.7,2.4,0,2.03,1.87,2.04,1.88,2.06,1.88,2.02,1.86,2.11,1.87
N1,11/05/2025,11:15,Zwolle,Go Ahead Eagles,1,1,D,0,0,D,,21,9,7,3,12,7,6,2,2,2,0,0,2.55,3.8,2.5,,,,2.63,3.6,2.45,2.48,3.89,2.4,,,,2.57,3.88,2.45,2.7,4.01,2.5,2.54,3.82,2.44,1.41,1.49,2.44,1.57,2.35,1.54,2.35,1.58,2.48,1.55,2.37,,,0,1.98,1.92,1.92,1.85,1.98,1.93,1.94,1.87,,,2.35,4,2.63,,,,2.3,3.5,2.63,2.39,3.85,2.81,,,,2.41,4.1,2.69,2.41,4.1,2.81,2.35,3.87,2.7,2.44,4,2.86,1.48,2.6,1.51,2.62,1.51,2.63,1.49,2.57,1.53,2.82,-0.25,2.05,1.75,2.11,1.82,2.12,1.82,2.07,1.78,2.13,1.86
N1,11/05/2025,13:30,Feyenoord,PSV Eindhoven,2,3,A,2,0,H,,11,24,4,9,7,14,1,12,2,3,1,0,2.55,3.9,2.4,,,,2.7,3.9,2.25,2.6,3.63,2.41,,,,2.65,3.85,2.39,2.7,3.9,2.48,2.6,3.76,2.41,1.3,1.01,1.3,1.4,2.88,1.41,2.71,1.42,3.1,1.39,2.8,,,0,2.04,1.86,1.96,1.81,2.04,1.9,1.99,1.83,,,3,3.9,2.1,,,,2.88,3.75,2.05,3.04,4.03,2.19,,,,3.23,4.03,2.11,3.23,4.05,2.23,2.98,3.92,2.16,3.15,4.1,2.24,1.36,3.1,1.38,3.05,1.4,3.25,1.36,3.05,1.41,3.4,0.25,1.97,1.93,1.97,1.93,2.02,1.97,1.93,1.87,2.01,1.97
N1,11/05/2025,13:30,Twente,Utrecht,2,0,H,1,0,H,,11,8,5,0,11,18,7,3,0,2,0,0,2.35,3.8,2.7,,,,2.3,3.75,2.7,2.43,3.65,2.74,,,,2.41,3.68,2.71,2.43,3.8,2.75,2.38,3.68,2.71,2.44,3.95,2.84,1.57,2.35,1.6,2.36,1.6,2.38,1.56,2.32,,,0,1.84,2.06,1.81,2.05,1.84,2.06,1.8,2.03,,,1.8,3.9,4.1,,,,1.75,3.6,4,1.84,3.87,4.27,,,,1.88,3.99,4.04,1.88,3.99,4.29,1.83,3.8,4.07,1.87,4,4.5,1.62,2.25,1.66,2.29,1.7,2.43,1.62,2.27,1.69,2.42,-0.75,2.05,1.85,2.07,1.81,2.1,1.85,2.04,1.8,2.11,1.87
N1,11/05/2025,15:45,Ajax,Nijmegen,0,3,A,0,0,D,,22,9,4,6,12,12,8,1,3,4,0,0,1.3,5.5,9,,,,1.25,5.5,10,1.31,5.64,8.55,,,,1.3,5.65,9.4,1.31,5.75,10,1.3,5.51,8.94,1.05,1.32,1.81,1.48,2.6,1.48,2.63,1.48,2.7,1.46,2.59,,,-1.5,1.87,2.03,1.87,1.99,1.9,2.03,1.85,1.97,,,1.22,7,12,,,,1.18,6,11,1.22,6.89,12.44,,,,1.23,7.09,12.7,1.23,7.09,13,1.21,6.74,12.23,1.26,7.2,14,1.4,2.88,1.43,2.88,1.48,3.1,1.41,2.85,1.47,3.05,-2,2.01,1.89,2.01,1.88,2.01,1.94,1.98,1.87,2.07,1.9
N1,11/05/2025,15:45,AZ Alkmaar,Groningen,3,0,H,2,0,H,,19,10,12,4,9,11,11,4,1,2,0,0,1.62,4.2,5,,,,1.6,3.9,5.5,1.62,4.08,5.2,,,,1.62,4.1,5.21,1.63,4.2,5.5,1.61,4.04,5.19,1.3,1.03,1.04,1.75,2.05,1.79,2.05,1.82,2.05,1.78,2.01,,,-0.75,1.83,2.07,1.79,2.08,1.83,2.11,1.77,2.05,,,1.8,3.7,4.33,,,,1.67,3.6,4.75,1.75,3.84,4.86,,,,1.77,3.89,4.8,1.83,3.89,5.1,1.76,3.75,4.63,1.78,3.95,5.3,1.9,1.95,1.88,2.01,2.08,2.06,1.86,1.95,1.89,2.08,-0.75,2.03,1.78,1.98,1.93,2.07,1.93,1.99,1.86,2.02,1.96
P1,10/05/2025,15:30,Nacional,Rio Ave,3,3,D,0,3,A,,12,13,5,7,11,12,4,5,1,4,0,0,1.95,3.5,3.75,,,,1.91,3.5,3.9,2.01,3.49,3.75,,,,1.95,3.65,3.79,2.02,3.65,3.9,1.96,3.51,3.7,1.29,1.29,1.05,1.93,1.93,1.92,1.93,1.93,1.94,1.89,1.89,,,-0.5,2.02,1.88,2.03,1.85,2.03,1.88,1.98,1.84,,,1.95,3.8,3.5,,,,1.91,3.7,3.4,2.02,3.84,3.52,,,,2.05,3.9,3.49,2.06,3.9,3.52,2,3.76,3.43,2.04,4,3.75,1.57,2.35,1.58,2.45,1.65,2.45,1.59,2.34,1.66,2.46,-0.5,2.01,1.89,2.03,1.86,2.06,1.89,2,1.84,2.04,1.94
P1,10/05/2025,15:30,Santa Clara,Famalicao,2,1,H,1,0,H,,16,12,5,4,23,14,3,6,7,2,1,1,2.15,3.1,3.6,,,,2,3.1,3.9,2.19,3.2,3.55,,,,2.22,3.15,3.52,2.31,3.25,3.9,2.17,3.14,3.52,1.3,1.3,1.05,2.5,1.5,2.54,1.54,2.7,1.55,2.49,1.5,,,-0.25,1.89,2.01,1.88,1.99,1.89,2.02,1.84,1.96,,,1.85,3.4,4.33,,,,1.83,3.1,4.4,1.92,3.27,4.67,,,,1.91,3.51,4.48,1.97,3.51,4.67,1.9,3.3,4.35,1.98,3.4,4.9,2.35,1.57,2.42,1.6,2.57,1.6,2.39,1.56,2.5,1.66,-0.5,1.93,1.97,1.93,1.96,1.94,2,1.91,1.92,1.98,2.01
P1,10/05/2025,18:00,Benfica,Sp Lisbon,1,1,D,0,1,A,,14,7,1,4,24,14,6,2,4,2,0,0,2.1,3.5,3.3,,,,2.1,3.5,3.3,2.15,3.36,3.48,,,,2.19,3.42,3.31,2.2,3.5,3.48,2.15,3.4,3.28,2.2,2.2,3.35,1.67,2.15,1.69,2.22,1.73,2.22,1.68,2.15,,,-0.25,1.87,2.03,1.86,2.01,1.88,2.03,1.85,1.95,,,2.15,3.4,3.25,,,,2.15,3.3,3.3,2.22,3.43,3.44,,,,2.15,3.52,3.54,2.27,3.52,3.54,2.19,3.39,3.26,2.26,3.6,3.5,1.75,2.05,1.81,2.09,1.83,2.11,1.78,2.05,1.82,2.16,-0.25,1.9,2,1.92,1.99,1.93,2.06,1.89,1.95,1.93,2.05
P1,10/05/2025,20:30,Casa Pia,Sp Braga,2,1,H,1,1,D,,5,21,3,6,19,13,2,7,0,0,0,0,5.75,3.8,1.57,,,,5.5,3.75,1.62,6.01,3.93,1.57,,,,5.5,3.88,1.63,6.01,4,1.63,5.64,3.85,1.59,1.05,1.03,1.33,2.05,1.75,2.05,1.82,2.05,1.82,2.01,1.79,,,1,1.8,2.1,1.81,2.08,1.81,2.1,1.78,2.04,,,6.5,4.2,1.48,,,,6,4.33,1.47,6.8,4.35,1.5,,,,6.73,4.35,1.54,7.1,4.35,1.55,6.49,4.21,1.5,6.8,4.6,1.56,1.88,1.98,1.89,1.98,2.08,2.02,1.89,1.92,1.96,2.02,1,2.06,1.84,2.03,1.86,2.07,1.91,1.99,1.85,2,1.94
P1,10/05/2025,20:30,Gil Vicente,Arouca,1,1,D,0,0,D,,15,8,5,4,17,15,4,1,1,3,0,0,2.35,3.25,3,,,,2.38,3.2,3,2.43,3.14,3.13,,,,2.38,3.28,3.05,2.45,3.35,3.13,2.38,3.21,3.03,1.16,1.13,1.18,2.1,1.7,2.17,1.7,2.2,1.72,2.13,1.69,,,-0.25,2.08,1.82,2.09,1.8,2.09,1.82,2.03,1.78,,,2.15,3.3,3.3,,,,2.2,3.2,3.4,2.26,3.26,3.45,,,,2.23,3.43,3.43,2.29,3.43,3.45,2.23,3.27,3.31,2.32,3.4,3.6,2.1,1.7,2.13,1.76,2.35,1.76,2.13,1.72,2.24,1.79,-0.25,1.92,1.98,1.94,1.94,1.95,1.98,1.91,1.92,1.97,2
P1,11/05/2025,15:30,Estrela,AVS,0,1,A,0,0,D,,11,18,3,2,9,11,1,6,0,3,0,0,1.9,3.6,3.8,,,,1.91,3.3,4,1.88,3.41,4.36,,,,1.95,3.45,4.02,1.95,3.6,4.36,1.91,3.41,4.02,1.02,1.01,1.01,2.15,1.67,2.21,1.68,2.21,1.68,2.16,1.66,,,-0.5,1.95,1.95,1.92,1.93,1.97,1.95,1.92,1.9,,,2.3,3.25,3.1,,,,2.2,2.88,3.3,2.35,3.13,3.46,,,,2.38,3.36,3.21,2.38,3.36,3.6,2.29,3.13,3.31,2.38,3.2,3.65,2.4,1.53,2.54,1.56,2.57,1.6,2.44,1.54,2.56,1.61,-0.25,1.99,1.91,2,1.91,2,1.98,1.95,1.89,2.02,1.97
P1,11/05/2025,18:00,Guimaraes,Farense,1,2,A,0,1,A,,21,7,4,3,15,7,16,3,4,4,0,0,1.57,4.1,5.75,,,,1.55,3.9,6,1.56,4.03,5.94,,,,1.6,4,5.65,1.6,4.1,6,1.57,3.97,5.75,1.05,1.11,1.11,1.98,1.88,1.97,1.86,2,1.88,1.94,1.84,,,-1,2.04,1.86,2.01,1.85,2.04,1.86,1.99,1.82,,,1.48,4.2,6.5,,,,1.44,4,6.5,1.51,4.2,7.26,,,,1.55,4.34,6.45,1.55,4.34,7.26,1.51,4.12,6.53,1.54,4.4,7.6,2.03,1.83,1.99,1.9,2.13,1.91,1.98,1.84,2.06,1.91,-1,1.86,2.04,1.88,2.03,1.93,2.04,1.87,1.96,1.94,2.04
P1,11/05/2025,18:00,Moreirense,Estoril,2,2,D,1,0,H,,9,7,5,5,20,16,2,7,4,4,0,0,2.35,3.4,2.9,,,,2.38,3.3,3,2.45,3.19,3.05,,,,2.42,3.3,2.98,2.45,3.4,3.05,2.4,3.27,2.94,1.05,1.04,1.05,2.08,1.73,2.11,1.75,2.13,1.77,2.06,1.74,,,-0.25,2.09,1.81,2.1,1.78,2.1,1.81,2.04,1.76,,,2.6,3.3,2.7,,,,2.4,3.1,2.88,2.71,3.21,2.79,,,,2.67,3.39,2.77,2.71,3.39,2.9,2.61,3.21,2.77,2.76,3.35,2.9,2.15,1.67,2.19,1.72,2.35,1.72,2.17,1.68,2.28,1.76,0,1.93,1.97,1.92,1.97,1.96,2.04,1.89,1.97,1.95,2.04
P1,11/05/2025,20:30,Boavista,Porto,1,2,A,1,2,A,,9,16,4,7,13,19,0,4,4,2,1,1,7.5,4.5,1.4,,,,8.5,5,1.3,7.38,4.91,1.39,,,,7.9,4.85,1.39,8.5,5,1.41,7.51,4.78,1.38,1.13,1.13,1.05,1.73,2.08,1.78,2.06,1.79,2.12,1.75,2.05,,,1.25,1.95,1.95,1.93,1.93,1.96,1.95,1.91,1.88,,,8,4.33,1.37,,,,8,4.5,1.4,7.99,4.68,1.43,,,,8.46,4.58,1.44,8.8,4.68,1.44,7.99,4.51,1.41,9.2,4.9,1.44,2,1.85,2.01,1.88,2.06,1.89,1.96,1.85,2.04,1.95,1.25,1.89,2.01,1.89,2.01,1.94,2.01,1.86,1.97,1.89,2.04
SC0,10/05/2025,15:00,Celtic,Hibernian,3,1,H,2,1,H,D Steven,18,10,8,4,8,6,8,3,2,3,0,0,1.27,6,9,,,,1.22,6,10.5,1.28,5.79,9.26,,,,1.3,5.9,9,1.3,6,10.5,1.27,5.78,9.41,1.3,5.5,5.7,1.44,2.75,1.49,2.6,1.49,2.75,1.46,2.6,,,-1.75,2,1.85,2.04,1.83,2.04,1.85,1.99,1.79,,,1.3,5.75,8.5,,,,1.25,6,9,1.29,6.12,10.25,,,,1.34,5.52,8.03,1.34,6.12,10.25,1.3,5.79,8.94,1.32,6.6,10.5,1.44,2.75,1.44,2.84,1.45,2.9,1.43,2.78,1.5,2.92,-1.5,1.83,2.03,1.85,2.07,1.88,2.07,1.83,1.99,1.91,2.06
SC0,10/05/2025,15:00,Dundee United,St Mirren,0,2,A,0,1,A,S McLean,12,21,3,6,6,5,4,6,0,2,0,0,2.25,3.6,2.9,,,,2.25,3.4,3,2.32,3.59,2.94,,,,2.33,3.54,2.93,2.33,3.61,3,2.28,3.53,2.94,2.38,3.5,1.37,1.85,2,1.83,2.03,1.86,2.03,1.82,1.96,,,-0.25,2,1.85,2.03,1.85,2.03,1.85,1.96,1.82,,,2.35,3.4,2.88,,,,2.3,3.2,2.88,2.45,3.42,3.01,,,,2.37,3.52,2.9,2.45,3.52,3.01,2.38,3.38,2.91,2.5,3.5,3.1,2.1,1.73,2.08,1.83,2.1,1.89,2.01,1.79,2.14,1.84,-0.25,2.05,1.8,2.12,1.81,2.12,1.81,2.04,1.78,2.12,1.87
SC0,10/05/2025,15:00,Hearts,Motherwell,3,0,H,1,0,H,R Lee,8,9,5,3,17,10,6,1,2,2,0,0,1.5,4.2,6.25,,,,1.47,4.2,6.5,1.5,4.28,6.48,,,,1.53,4.5,5.66,1.53,4.5,6.5,1.5,4.23,6.19,1.51,1.53,1.35,1.8,2,1.8,2.03,1.81,2.07,1.78,2.01,,,-1,1.83,2.03,1.84,2.04,1.85,2.04,1.83,1.98,,,1.6,4.1,5.25,,,,1.53,4,5,1.61,4.24,5.49,,,,1.63,4.03,5.28,1.63,4.3,5.6,1.6,4.1,5.23,1.64,4.4,6,1.67,2.2,1.72,2.21,1.78,2.21,1.71,2.12,1.76,2.26,-1,2.03,1.83,2.05,1.86,2.06,1.86,2.01,1.81,2.07,1.89
SC0,10/05/2025,15:00,Kilmarnock,Dundee,3,2,H,1,0,H,D Robertson,16,13,7,5,14,7,7,2,1,2,0,0,1.83,3.4,4.5,,,,1.75,3.75,4.4,1.83,3.61,4.36,,,,1.85,3.72,4.14,1.85,3.9,4.5,1.81,3.62,4.28,1.72,3.05,3.6,1.9,1.95,1.91,1.94,1.91,1.97,1.86,1.92,,,-0.5,1.85,2,1.85,2.03,1.85,2.1,1.81,2.01,,,1.91,3.6,4,,,,1.85,3.5,3.9,1.93,3.62,4.15,,,,1.91,3.6,4,1.95,3.65,4.15,1.9,3.59,3.96,1.96,3.85,4.3,1.8,2,1.85,2.05,1.86,2.05,1.81,1.99,1.87,2.12,-0.5,1.93,1.93,1.94,1.96,1.95,1.96,1.91,1.91,1.96,2.03
SC0,10/05/2025,15:00,St Johnstone,Ross County,2,1,H,1,1,D,J Beaton,21,9,6,1,12,17,4,4,1,2,0,1,2.2,3.2,3.4,,,,2.2,3.2,3.3,2.22,3.21,3.46,,,,2.23,3.28,3.35,2.24,3.28,3.46,2.2,3.21,3.37,2.04,1.02,1.41,2.1,1.73,2.14,1.72,2.2,1.73,2.11,1.7,,,-0.25,1.93,1.93,1.91,1.95,1.93,1.95,1.87,1.91,,,2,3.4,3.75,,,,1.95,3.2,3.75,2.05,3.43,3.92,,,,1.98,3.43,3.94,2.07,3.43,3.94,2.01,3.38,3.78,2.06,3.55,4.1,2.03,1.83,2.05,1.85,2.08,1.85,2.01,1.8,2.1,1.9,-0.5,2,1.85,2.06,1.85,2.06,1.85,2.01,1.8,2.08,1.9
SC0,11/05/2025,12:00,Rangers,Aberdeen,4,0,H,0,0,D,D Dickinson,24,8,11,4,11,14,7,2,2,2,0,0,1.62,4.1,5,,,,1.6,4.2,5,1.59,4.23,5.28,,,,1.59,4.35,5.2,1.62,4.35,5.28,1.59,4.21,5.05,1.63,3.95,4.6,1.62,2.3,1.61,2.34,1.62,2.35,1.59,2.3,,,-1,2.03,1.83,1.99,1.86,2.08,1.86,1.98,1.82,,,1.45,4.5,6,,,,1.4,4.6,6,1.49,4.78,6.43,,,,1.47,4.61,6.4,1.49,4.8,6.43,1.46,4.67,6.12,1.49,5.2,7,1.5,2.63,1.51,2.64,1.51,2.65,1.48,2.61,1.53,2.82,-1.25,2,1.85,2.03,1.88,2.03,1.9,1.99,1.83,2.02,1.93
SP1,09/05/2025,20:00,Las Palmas,Vallecano,0,1,A,0,0,D,,11,16,2,5,8,9,8,8,2,3,0,0,2.45,3.25,3,,,,2.4,3.25,3.1,2.49,3.34,3.07,,,,2.55,3.42,3.02,2.55,3.42,3.1,2.47,3.29,2.98,2.5,3.35,3.2,2.02,1.76,2.09,1.81,2.12,1.85,2.05,1.78,2.16,1.81,-0.25,2.1,1.78,2.14,1.81,2.14,1.82,2.09,1.77,2.13,1.85,2.63,3.1,2.8,,,,2.5,3,2.9,2.68,3.22,2.92,,,,2.7,3.19,2.88,2.7,3.22,2.95,2.62,3.13,2.87,2.72,3.3,3,2.2,1.67,2.25,1.71,2.35,1.72,2.21,1.68,2.3,1.76,0,1.85,2,1.88,2.05,1.91,2.08,1.86,2.02,1.88,2.11
SP1,10/05/2025,13:00,Valencia,Getafe,3,0,H,3,0,H,,10,10,6,3,17,20,2,6,3,5,0,0,2,3,4.33,,,,2,3.1,4.33,2.08,3.13,4.28,,,,2.11,3.23,4.32,2.11,3.23,4.33,2.05,3.12,4.13,2.12,3.2,4.4,2.63,1.5,2.7,1.5,2.7,1.51,2.59,1.49,2.66,1.51,-0.5,2.06,1.84,2.09,1.83,2.1,1.85,2.05,1.8,2.12,1.87,1.95,3.1,4.5,,,,1.91,2.9,4.33,2.02,3.15,4.62,,,,2.01,3.17,4.61,2.05,3.17,4.62,2,3.09,4.41,2.06,3.2,4.8,2.5,1.53,2.56,1.56,2.6,1.58,2.48,1.54,2.64,1.6,-0.5,2.01,1.89,2.03,1.9,2.05,1.9,2.01,1.85,2.06,1.92
SP1,10/05/2025,15:15,Celta,Sevilla,3,2,H,1,1,D,,8,19,4,10,11,16,3,6,0,2,1,0,1.8,3.6,4.5,,,,1.8,3.75,4.5,1.85,3.73,4.4,,,,1.9,3.79,4.46,1.9,3.79,4.5,1.83,3.66,4.34,1.74,3.85,5,2.05,1.85,2.04,1.85,2.07,1.88,2.01,1.81,1.94,1.77,-0.5,1.84,2.06,1.86,2.05,1.86,2.07,1.83,2.01,1.74,2.17,1.85,3.5,4.2,,,,1.83,3.4,4.4,1.9,3.61,4.41,,,,1.89,3.66,4.41,1.95,3.66,4.41,1.89,3.55,4.25,1.93,3.7,4.6,2.01,1.89,2.02,1.89,2.02,1.92,1.98,1.86,2.06,1.92,-0.5,1.9,2,1.92,2.01,1.95,2.03,1.9,1.96,1.93,2.06
SP1,10/05/2025,17:30,Girona,Villarreal,0,1,A,0,0,D,,7,14,0,5,13,10,5,3,2,3,0,0,3.1,3.8,2.1,,,,3.3,3.5,2.15,3.19,3.77,2.2,,,,3.23,3.93,2.21,3.3,3.93,2.21,3.12,3.72,2.16,3.35,3.65,2.24,1.57,2.38,1.61,2.41,1.66,2.42,1.59,2.35,1.58,2.24,0.25,1.98,1.88,1.98,1.93,1.99,1.93,1.94,1.84,2.02,1.94,2.8,3.6,2.3,,,,2.88,3.4,2.3,3.14,3.58,2.33,,,,3.03,3.73,2.31,3.14,3.73,2.4,2.95,3.57,2.33,3.05,3.6,2.46,1.62,2.3,1.67,2.31,1.7,2.38,1.63,2.28,1.68,2.44,0.25,1.83,2.03,1.91,2.02,1.91,2.07,1.84,1.98,1.87,2.13
SP1,10/05/2025,17:30,Mallorca,Valladolid,2,1,H,1,1,D,,12,16,4,7,16,12,5,10,2,1,0,0,1.33,5.25,9,,,,1.33,5,11,1.35,5.21,9.62,,,,1.4,5.23,9.1,1.4,5.25,12,1.34,5,9.97,1.36,5.1,12,2,1.9,1.98,1.9,2.02,1.93,1.96,1.85,1.95,1.77,-1.5,2.07,1.83,2.07,1.85,2.1,1.85,2.04,1.8,1.98,1.7,1.33,5.25,8.5,,,,1.3,5,10,1.36,5.26,9.42,,,,1.35,5.56,9.11,1.36,5.56,10,1.33,5.25,9.48,1.36,5.5,11.5,1.85,2.05,1.88,2.04,1.9,2.08,1.83,2,1.87,2.12,-1.5,2.06,1.84,2.1,1.81,2.1,1.9,2.02,1.83,2.09,1.91
SP1,10/05/2025,20:00,Ath Madrid,Sociedad,4,0,H,4,0,H,,13,6,7,1,7,12,3,3,0,1,0,0,1.67,3.7,5,,,,1.67,3.8,5.5,1.69,3.85,5.35,,,,1.73,3.95,5.45,1.73,4,5.5,1.68,3.83,5.18,1.7,3.95,5.7,2.08,1.82,2.09,1.81,2.1,1.86,2.04,1.79,1.98,1.75,-0.75,1.91,1.99,1.91,2,1.91,2,1.87,1.96,1.86,2.04,1.75,3.5,4.75,,,,1.75,3.4,4.75,1.83,3.52,5.03,,,,1.78,3.62,5.18,1.83,3.66,5.24,1.79,3.52,4.86,1.85,3.6,5.3,2.1,1.73,2.19,1.74,2.24,1.74,2.14,1.72,2.24,1.8,-0.75,2.06,1.84,2.09,1.85,2.11,1.87,2.05,1.82,2.11,1.88
SP1,11/05/2025,13:00,Leganes,Espanol,3,2,H,2,0,H,,13,12,5,6,14,18,3,8,2,2,0,0,2.4,3,3.2,,,,2.4,3,3.3,2.45,3.13,3.28,,,,2.51,3.21,3.27,2.51,3.21,3.3,2.41,3.07,3.22,2.48,3.15,3.5,2.63,1.5,2.61,1.53,2.64,1.57,2.54,1.51,2.54,1.46,-0.25,2.07,1.83,2.08,1.83,2.08,1.83,2.02,1.8,2.08,1.89,2.25,3.25,3.2,,,,2.25,3,3.1,2.34,3.24,3.43,,,,2.42,3.29,3.19,2.42,3.29,3.43,2.36,3.18,3.21,2.44,3.3,3.45,2.1,1.73,2.18,1.74,2.24,1.75,2.15,1.71,2.28,1.76,-0.25,1.99,1.91,2,1.93,2.06,1.93,2,1.86,2.07,1.92
SP1,11/05/2025,15:15,Barcelona,Real Madrid,4,3,H,4,2,H,,23,9,9,5,17,15,10,2,4,3,0,0,1.9,3.7,3.2,,,,1.91,4,3.6,1.96,4.19,3.5,,,,2.05,4.32,3.39,2.05,4.32,3.6,1.97,4.08,3.34,1.99,4.3,3.7,1.33,3.4,1.35,3.32,1.35,3.4,1.32,3.28,1.36,2.94,-0.5,1.99,1.91,1.97,1.93,2,1.93,1.96,1.88,1.99,2,1.83,4.33,3.6,,,,1.8,4.2,3.4,1.88,4.47,3.76,,,,1.94,4.43,3.48,1.95,4.47,3.76,1.88,4.33,3.54,1.93,4.5,3.75,1.25,4,1.35,3.33,1.35,4.21,1.26,3.82,1.3,4.2,-0.5,1.86,2.04,1.88,2.06,1.9,2.06,1.87,1.99,1.92,2.07
SP1,11/05/2025,17:30,Ath Bilbao,Alaves,1,0,H,0,0,D,,11,4,3,1,17,12,9,2,1,1,0,0,1.8,2.9,4.5,,,,1.87,3.3,4.6,1.89,3.29,4.9,,,,1.94,3.38,4.89,1.94,3.38,4.9,1.88,3.24,4.68,1.89,3.3,5,2.63,1.5,2.66,1.52,2.66,1.57,2.57,1.5,2.52,1.47,-0.5,1.9,2,1.91,2,1.91,2.01,1.88,1.96,1.89,2.07,2.05,2.9,4.33,,,,2,2.63,4.4,2.07,2.86,4.95,,,,2.06,2.99,4.75,2.15,2.99,4.95,2.09,2.84,4.58,2.14,2.92,5.1,3.2,1.36,3.24,1.37,3.24,1.38,3.18,1.36,3.35,1.41,-0.5,2.09,1.81,2.09,1.85,2.15,1.85,2.09,1.78,2.14,1.86
SP1,11/05/2025,20:00,Betis,Osasuna,1,1,D,0,0,D,,10,16,5,5,8,12,6,7,3,2,0,0,1.62,3.75,5.75,,,,1.6,4.2,5.5,1.66,4.01,5.44,,,,1.69,4.22,5.35,1.69,4.22,5.75,1.64,3.98,5.24,1.65,4.2,5.8,1.86,2.04,1.87,2.03,1.89,2.06,1.83,2,1.79,1.93,-0.75,1.84,2.06,1.85,2.07,1.85,2.07,1.81,2.02,1.79,2.14,1.62,4.1,5.25,,,,1.57,3.75,5,1.65,4.01,5.57,,,,1.65,4.19,5.36,1.68,4.2,5.61,1.64,4.03,5.25,1.69,4.1,5.8,1.67,2.2,1.74,2.18,1.81,2.25,1.7,2.16,1.79,2.24,-1,2.07,1.83,2.11,1.8,2.13,1.83,2.08,1.79,2.17,1.83
SP2,09/05/2025,19:30,Cadiz,Almeria,2,1,H,0,1,A,,20,8,3,4,15,14,9,6,5,4,0,3,3.4,3.5,2.01,,,,3,3.3,2.15,3.61,3.44,2.15,,,,3.36,3.55,2.12,3.61,3.55,2.16,3.3,3.43,2.12,3.3,3.45,2.3,1.75,2.05,1.78,2.12,1.87,2.12,1.75,2.06,1.87,1.97,0.25,2.03,1.83,2.06,1.85,2.06,1.86,1.97,1.83,,,4.2,3.6,1.85,,,,3.9,3.4,1.8,4.23,3.71,1.88,,,,4.12,3.61,1.86,4.23,3.71,1.9,4,3.59,1.85,4.4,3.8,1.93,1.8,2,1.82,2.05,1.93,2.25,1.77,2.02,1.86,2.12,0.5,2,1.85,2.01,1.89,2.03,1.89,1.94,1.85,2.05,1.93
SP2,10/05/2025,15:15,Mirandes,Castellon,3,2,H,1,1,D,,16,14,5,9,14,14,5,3,2,3,0,0,1.95,3.5,3.75,,,,1.91,3.3,3.6,2,3.48,3.8,,,,1.99,3.64,3.64,2,3.64,3.8,1.97,3.47,3.64,1.5,1.43,2.58,1.93,1.93,1.9,1.95,1.96,1.95,1.9,1.87,,,-0.5,2,1.85,2.01,1.86,2.01,2.03,1.95,1.85,,,1.8,3.5,3.75,,,,1.87,3.4,3.7,1.88,3.71,4.26,,,,1.96,3.61,3.71,1.96,3.71,4.26,1.9,3.6,3.79,2.06,3.7,3.9,1.8,2,1.8,2.08,1.93,2.11,1.81,1.98,1.89,2.08,-0.5,1.85,2,1.89,2.02,1.93,2.11,1.87,1.93,2.04,1.93
SP2,10/05/2025,15:15,Sp Gijon,La Coruna,2,1,H,2,0,H,,16,9,4,1,11,10,5,4,2,1,0,0,2.05,3.3,3.6,,,,2,3.1,3.5,2.18,2.97,3.9,,,,2.17,3.08,3.74,2.18,3.3,3.9,2.1,3.15,3.62,2.1,3.35,3.8,2.15,1.67,2.19,1.64,2.2,1.67,2.16,1.65,,,-0.25,1.83,2.03,1.85,2.03,1.85,2.04,1.79,1.99,,,2,3.3,3.25,,,,2,3.1,3.4,2.16,3.31,3.72,,,,2.05,3.5,3.5,2.16,3.5,3.72,2.1,3.28,3.45,2.18,3.45,3.85,1.98,1.88,2.01,1.88,2.06,1.88,1.98,1.81,2.04,1.92,-0.25,1.8,2.05,1.85,2.06,1.85,2.09,1.81,2,1.87,2.13
SP2,10/05/2025,17:30,Burgos,Cordoba,3,2,H,1,1,D,,15,11,10,5,14,17,6,5,3,2,0,0,2.4,3.1,3,,,,2.3,3,3,2.53,3.06,3.05,,,,2.47,3.22,2.98,2.53,3.25,3.05,2.43,3.09,2.97,2.56,3.1,1.59,2.25,1.62,2.31,1.63,2.33,1.63,2.29,1.59,,,-0.25,2.1,1.78,2.14,1.74,2.17,1.78,2.06,1.73,,,2.55,3.2,2.75,,,,2.55,3,2.63,2.71,3.18,2.86,,,,2.64,3.22,2.71,2.71,3.25,2.86,2.62,3.16,2.71,2.76,3.3,2.92,2.1,1.7,2.17,1.74,2.26,1.75,2.14,1.68,2.3,1.76,0,1.85,2,1.9,2,1.9,2.02,1.87,1.94,1.94,2.03
SP2,10/05/2025,17:30,Elche,Levante,1,3,A,0,2,A,,24,6,6,5,5,11,12,3,3,2,0,0,2,3.25,3.9,,,,1.91,3.25,3.6,2.03,3.37,3.8,,,,2.05,3.35,3.76,2.09,3.5,3.9,2,3.32,3.69,2.06,1.3,1.7,2.1,1.7,2.16,1.72,2.19,1.72,2.11,1.69,,,-0.5,2.03,1.83,2.05,1.83,2.09,1.83,2,1.79,,,1.85,3.5,4.2,,,,1.8,3.25,4.2,1.89,3.53,4.47,,,,1.86,3.52,4.22,1.9,3.53,4.49,1.87,3.46,4.11,1.94,3.65,4.6,1.98,1.88,2.02,1.87,2.06,1.9,1.99,1.81,2.08,1.91,-0.5,1.85,2,1.9,2,1.93,2.05,1.88,1.92,1.94,2.05
SP2,10/05/2025,20:00,Zaragoza,Cartagena,3,2,H,1,2,A,,37,4,8,3,12,10,10,2,5,4,0,0,1.29,5.75,9.5,,,,1.2,5,11,1.24,5.89,11.67,,,,1.27,5.8,11,1.29,5.89,12,1.25,5.53,10.57,1.06,1.13,1.21,1.67,2.15,1.64,2.27,1.73,2.27,1.65,2.17,,,-1.5,1.83,2.03,1.79,2.04,1.87,2.04,1.8,1.99,,,1.29,5.75,9.5,,,,1.2,5,11,1.27,5.76,12.92,,,,1.28,5.77,9.64,1.29,6,12.92,1.27,5.48,10.37,1.29,6.2,13.5,1.65,2.2,1.68,2.29,1.7,2.29,1.65,2.2,1.69,2.38,-1.5,1.85,2,1.88,2.03,1.89,2.03,1.83,1.97,1.9,2.1
SP2,11/05/2025,13:00,Santander,Oviedo,1,1,D,0,1,A,,15,7,3,3,18,16,7,3,3,3,0,0,2.2,3.3,3.25,,,,2.1,3.1,3.25,2.28,3.2,3.35,,,,2.26,3.32,3.25,2.28,3.32,3.35,2.21,3.25,3.23,1.04,1.36,1.04,2.05,1.75,2.09,1.76,2.12,1.76,2.06,1.73,,,-0.25,1.93,1.93,1.95,1.9,1.95,1.94,1.89,1.88,,,2.2,3.5,3.2,,,,2.1,3,3.1,2.28,3.3,3.43,,,,2.19,3.48,3.18,2.31,3.5,3.43,2.24,3.29,3.15,2.34,3.4,3.5,1.93,1.93,1.95,1.93,2.02,1.93,1.93,1.86,2,1.97,-0.25,1.93,1.93,1.95,1.95,1.95,1.99,1.93,1.88,2,1.99
SP2,11/05/2025,17:30,Albacete,Huesca,3,2,H,1,0,H,,17,21,5,5,6,6,4,8,3,3,0,0,1.91,3.5,3.9,,,,2,3.1,3.4,1.94,3.5,3.98,,,,1.97,3.5,3.87,2,3.51,3.98,1.95,3.4,3.8,1.04,1.78,1.04,2,1.85,1.96,1.87,2.12,1.87,1.97,1.8,,,-0.5,1.98,1.88,1.95,1.9,2,1.9,1.94,1.84,,,2.05,3.6,3.4,,,,2,3.3,3.1,2.12,3.62,3.5,,,,2.1,3.6,3.3,2.22,3.62,3.5,2.13,3.48,3.22,2.2,3.7,3.45,1.75,2.05,1.8,2.09,1.85,2.11,1.79,2,1.84,2.14,-0.25,1.83,2.03,1.85,2.07,1.91,2.07,1.86,1.96,1.92,2.06
SP2,11/05/2025,17:30,Eldense,Malaga,1,0,H,0,0,D,,17,5,5,1,24,6,5,3,2,0,1,1,1.73,3.75,4.75,,,,1.75,3.3,4.2,1.75,3.69,4.74,,,,1.75,3.7,4.78,1.75,3.75,4.78,1.73,3.62,4.63,1.26,1.26,1.04,2.08,1.73,2.13,1.74,2.13,1.83,2.05,1.74,,,-0.75,1.98,1.88,2,1.86,2.04,1.88,1.94,1.82,,,2,3.4,3.7,,,,1.95,3.1,3.5,2.09,3.41,3.82,,,,2.01,3.42,3.72,2.13,3.45,3.82,2.04,3.34,3.6,2.14,3.45,4,2.08,1.73,2.12,1.78,2.16,1.78,2.08,1.73,2.2,1.8,-0.5,2.05,1.8,2.1,1.83,2.12,1.83,2.04,1.77,2.14,1.86
SP2,11/05/2025,20:00,Tenerife,Ferrol,0,0,D,0,0,D,,11,3,2,0,18,14,6,0,5,2,0,0,1.53,3.8,6.5,,,,1.53,3.5,6,1.53,3.74,7.28,,,,1.55,3.84,6.85,1.55,3.84,7.28,1.54,3.71,6.67,1.04,1.12,1.12,2.35,1.57,2.39,1.58,2.39,1.63,2.33,1.57,,,-1,2,1.85,1.98,1.87,2.03,1.87,1.98,1.81,,,1.53,3.9,6.5,,,,1.47,3.5,6,1.57,3.86,7.03,,,,1.54,3.92,6.53,1.57,3.95,7.03,1.53,3.83,6.55,1.6,4,7.6,2.1,1.7,2.16,1.75,2.26,1.75,2.14,1.69,2.2,1.81,-1,2,1.85,2.02,1.89,2.05,1.89,1.97,1.85,2.05,1.92
SP2,12/05/2025,19:30,Granada,Eibar,0,2,A,0,0,D,,16,17,3,7,10,12,7,2,1,1,0,0,1.8,3.4,4.75,,,,1.7,3.3,4.6,1.79,3.44,4.89,,,,1.81,3.5,4.69,1.85,3.5,4.89,1.78,3.39,4.61,1.04,1.09,1.09,2.2,1.65,2.28,1.65,2.3,1.65,2.21,1.63,,,-0.5,1.8,2.05,1.79,2.06,1.85,2.06,1.78,2.01,,,1.95,3.1,4.33,,,,1.75,3,4.4,1.97,3.19,4.67,,,,1.93,3.13,4.55,2.03,3.3,4.75,1.91,3.15,4.41,2,3.3,4.9,2.5,1.5,2.56,1.55,2.56,1.58,2.45,1.53,2.6,1.62,-0.5,1.98,1.88,1.98,1.93,2.03,2.05,1.89,1.91,2,1.99
T1,09/05/2025,18:00,Buyuksehyr,Fenerbahce,1,4,A,0,1,A,,14,19,6,9,9,16,5,5,1,4,0,0,3.8,3.9,1.8,,,,4,3.8,1.8,4.32,3.93,1.82,,,,4.13,3.93,1.82,4.32,4,1.86,4.02,3.86,1.81,4.1,3.85,1.86,1.57,2.3,1.64,2.35,1.65,2.4,1.6,2.3,1.73,2.16,0.75,1.78,2.03,1.86,2.05,1.86,2.08,1.81,2.01,,,4.2,4.1,1.7,,,,4.33,3.8,1.65,4.59,4.19,1.72,,,,4.53,4.22,1.68,4.59,4.22,1.8,4.36,4.06,1.7,5,4.2,1.76,1.53,2.4,1.57,2.51,1.58,2.56,1.54,2.42,1.61,2.6,0.75,1.9,1.9,1.99,1.92,2.02,1.92,1.95,1.89,2.01,1.95
T1,09/05/2025,18:00,Gaziantep,Alanyaspor,0,1,A,0,0,D,,10,8,3,4,13,13,2,0,2,2,1,0,2.4,3.4,2.75,,,,2.4,3.4,2.75,2.46,3.52,2.93,,,,2.42,3.53,2.86,2.46,3.6,2.93,2.4,3.47,2.8,2.5,3.6,2.76,1.7,2.1,1.75,2.16,1.75,2.17,1.71,2.12,1.71,2.18,-0.25,2.08,1.73,2.13,1.8,2.13,1.81,2.07,1.76,,,2.63,3.4,2.5,,,,2.6,3.2,2.5,2.81,3.45,2.58,,,,2.79,3.47,2.46,2.81,3.6,2.75,2.67,3.42,2.52,2.82,3.5,2.74,1.7,2.1,1.75,2.17,1.78,2.19,1.71,2.12,1.78,2.26,0,1.98,1.83,2.04,1.87,2.05,1.93,1.99,1.86,2.02,1.95
T1,10/05/2025,14:00,Eyupspor,Kasimpasa,0,3,A,0,1,A,,7,9,2,4,7,20,2,2,3,3,0,0,2.3,3.5,2.75,,,,2.3,3.5,2.8,2.4,3.63,2.79,,,,2.35,3.81,2.79,2.4,3.81,2.95,2.32,3.61,2.79,1.04,1.67,2.9,1.57,2.35,1.59,2.38,1.59,2.4,1.55,2.34,,,-0.25,2.03,1.78,2.09,1.77,2.1,1.85,2.03,1.78,,,2.9,3.5,2.15,,,,2.9,3.5,2.2,3.11,3.75,2.24,,,,2.9,3.64,2.3,3.11,3.75,2.3,2.94,3.63,2.23,3.1,3.8,2.34,1.54,2.35,1.61,2.36,1.65,2.48,1.57,2.35,1.64,2.5,0.25,1.82,1.87,1.93,1.97,1.94,2.02,1.88,1.92,1.93,2.03
T1,10/05/2025,14:00,Konyaspor,Rizespor,2,1,H,0,0,D,,18,12,7,4,14,8,5,5,2,2,0,0,2,3.4,3.7,,,,2,3.4,3.5,1.97,3.34,3.68,,,,2.03,3.47,3.77,2.06,3.55,3.77,2.01,3.42,3.6,2.02,1.08,1.08,1.9,1.9,1.88,1.88,1.96,1.91,1.88,1.89,,,-0.5,2.03,1.78,1.99,1.81,2.1,1.85,2.03,1.81,,,2.5,3.3,2.7,,,,2.45,3.2,2.88,2.64,3.26,2.88,,,,2.46,3.37,2.87,2.69,3.4,2.9,2.52,3.27,2.79,2.66,3.4,2.98,1.83,1.98,1.88,2,1.95,2.02,1.86,1.94,1.92,2.04,0,1.77,1.92,1.87,2.04,1.92,2.05,1.83,2.01,1.88,2.1
T1,10/05/2025,17:00,Trabzonspor,Galatasaray,0,2,A,0,0,D,,13,19,5,10,8,12,1,9,1,2,0,0,3.5,4.33,1.7,,,,4,4,1.75,4.21,4.28,1.71,,,,3.87,4.64,1.74,4.21,4.64,1.77,3.94,4.27,1.73,2.46,3.05,1.57,1.36,3.1,1.42,2.84,1.44,3.1,1.38,2.85,,,0.75,1.9,1.9,1.96,1.91,1.96,1.96,1.91,1.9,,,4.5,4.5,1.5,,,,5.5,4.4,1.5,5.38,4.5,1.58,,,,4.95,4.75,1.56,5.62,4.77,1.58,5.21,4.62,1.53,5.9,4.7,1.6,1.48,2.6,1.51,2.59,1.51,2.9,1.46,2.65,1.53,2.8,1,1.93,1.88,1.96,1.94,2.11,1.94,2,1.84,2.07,1.91
T1,11/05/2025,14:00,Sivasspor,Bodrumspor,0,0,D,0,0,D,,13,7,2,0,10,10,9,5,2,4,0,0,2.25,3.2,3.25,,,,2.25,3.25,3.1,2.24,3.31,3.31,,,,2.23,3.43,3.27,2.26,3.43,3.31,2.23,3.29,3.21,1.04,1.01,1.04,2.05,1.75,2.06,1.78,2.06,1.8,2.02,1.76,1.01,1.15,-0.25,0,0,1.93,1.92,1.95,1.93,1.92,1.88,1.02,1.82,2.2,3.1,3.5,,,,2.1,3,3.3,2.24,3.23,3.61,,,,2.16,3.23,3.57,2.26,3.35,3.61,2.2,3.19,3.38,2.28,3.35,3.7,2.15,1.67,2.21,1.71,2.29,1.78,2.12,1.71,2.28,1.75,-0.25,0,0,1.91,1.99,1.94,2,1.89,1.95,1.94,2.04
T1,11/05/2025,17:00,Besiktas,Ad. Demirspor,4,1,H,2,1,H,,30,8,14,4,11,13,13,4,3,4,0,0,1.09,10,19,,,,1.06,12,20,1.07,12.27,20.3,,,,1.1,11.6,20,1.1,12.5,26,1.08,11,20.9,1.04,1.03,1.04,1.2,4.33,1.2,4.22,1.2,4.8,1.17,4.41,,,-2.75,1.9,1.9,1.9,1.9,1.96,1.95,1.89,1.9,,,1.06,13,23,,,,1.05,15,26,1.04,16.5,34.35,,,,1.08,12.6,22,1.08,16.5,34.35,1.05,13.71,26.27,1.07,19.5,44,1.14,5.5,1.15,5.21,1.15,5.7,1.14,5.36,1.17,6.6,-3,1.75,2.05,1.78,2.02,1.94,2.05,1.84,1.97,1.87,2.06
T1,11/05/2025,17:00,Goztep,Hatayspor,1,1,D,1,1,D,,22,7,8,2,13,9,9,4,2,2,0,1,1.25,7,7.5,,,,1.2,6.5,10,1.26,6.26,9.18,,,,1.25,6.59,10.5,1.26,7,10.5,1.24,6.34,9.4,1.04,2.66,2.68,1.33,3.4,1.34,3.19,1.37,3.4,1.32,3.17,,,-1.75,1.85,1.95,1.87,1.96,1.89,2,1.85,1.96,,,1.22,7.5,7.5,,,,1.18,6,9.5,1.23,6.55,10,,,,1.25,8.03,8.03,1.25,8.03,12.51,1.22,6.97,10.03,1.27,7.4,12,1.29,3.6,1.3,3.42,1.32,3.8,1.28,3.52,1.34,3.9,-2,2,1.8,2.02,1.82,2.05,1.92,2,1.83,2.06,1.9
T1,12/05/2025,18:00,Kayserispor,Antalyaspor,3,1,H,2,1,H,,12,6,6,2,11,6,6,1,3,1,0,0,1.91,3.5,3.7,,,,1.95,3.4,3.7,1.96,3.44,3.6,,,,2.02,3.63,3.63,2.02,3.63,3.7,1.97,3.49,3.61,1.05,1.78,1.78,1.93,1.88,1.88,1.88,1.96,1.88,1.9,1.87,,,-0.5,1.98,1.83,1.97,1.81,2.05,1.87,1.99,1.83,,,1.9,3.6,3.7,,,,1.83,3.4,3.8,1.93,3.65,4.15,,,,1.9,3.67,3.93,1.98,3.67,4.15,1.9,3.58,3.88,1.98,3.8,4.2,1.8,2,1.87,2.02,1.88,2.03,1.83,1.97,1.88,2.1,-0.5,1.9,1.9,1.93,1.97,1.98,1.97,1.92,1.92,1.99,2
